PID,ssdl:notation,location,Date,Long,Lati
1850-Missou-EMU,Four-shape,"Cincinnati, OH",1850,-84.45,39.15
1850-Missou-EMU,Four-shape,"Cincinnati, OH",1850,-84.45,39.15
1852-Collec-EMU,Nil,"Richmond, VA",1852,-77.45,37.55
1852-Peters-EMU,Round,"Saint Louis, MO;Cincinnati, OH",1851,-90.1833;-84.45,38.6167;39.15
1852-Reviva-EMU,Nil,"Baltimore, MD",1852,-76.6,39.2833
1853-Temple-EMU,Nil,"New York, NY;Boston, MA;Cincinnati, OH",1853,-74;-71.05;-84.45,40.7;42.35;39.15
1853-Wester-EMU,Seven-shape Johnson,"Nashville, TN",1853,-86.761,36.154
1885-Gospel-EMU,Seven-shape Aikin,"Dayton, VA;Philadelphia, PA;Dalton, GA;Barnesville, GA;Columbia, TN",1885,-78.9333;-75.15;-84.9667;-84.15;-84.15;-86.75,38.4;39.95;34.7667;33.05;33.05;36.1667
1855-Sacred-EMU,Numeral,"Cincinnati, OH",1855,-84.45,39.15
1855-Vocalm-EMU,Round,"Baltimore, MD?",1855,-76.6,39.2833
1857-Hymnss-EMU,Nil,"Baltimore, MD",1857,-76.6,39.2833
1857-Kirche-EMU,Nil,"St. Louis, MO",1857,-90.1833,38.6167
1858-Sacred-EMU,Nil,"Cincinnati, OH",1858,-84.45,39.15
1859-Songso-EMU,Nil,"Nashville, TN",1859,-86.761,36.154
1859-Southe-EMU,Nil,"Nashville, TN",1859,-86.761,36.154
1859-Wesley-EMU,Round,"Nashville, TN",1859,-86.761,36.154
1860-Evange-EMU,Nil,"Baltimore, MD",1860,-76.6,39.2833
1860-Hymnis-EMU,Round,"Cincinnati, OH",1860,-84.45,39.15
1860-Oriola-EMU,Round,"Cincinnati, OH;New York, NY",1860,-84.45;-74,39.15;40.7
1860-Unionh-EMU,Round,"Cincinnati, OH",1860,-84.45,39.15
1861-Psalms-EMU,Nil,"Cincinnati, OH",1861,-84.45,39.15
1869-Specim-EMU,Nil,"Baltimore, MD",1869,-76.6,39.2833
1862-Hymnsf-EMU,Nil,"Raleigh, NC",1862,-78.6333,35.7667
1864-Confed-EMU,Nil,"Greenville, SC",1864,-82.3833,34.85
1865-Musica-EMU,Round,"Cincinnati, OH",1865,-84.45,39.15
1867-Golden-EMU,Round,"Cincinnati, OH",1867,-84.45,39.15
1867-Violet-EMU,Round;Numeral staff,"Cincinnati, OH",1867,-84.45,39.15
1868-Chapel-EMU,Round,"Cincinnati, OH",1868,-84.45,39.15
1868-Eclect-EMU,Nil,"Baltimore, MA",1868,-76.6,39.2833
1868-Hymnsa-EMU,Round,"Cincinnati, OH",1868,-84.45,39.15
1868-School-EMU,Nil,"New York, NY",1868,-74,40.7
1868-Shinin-EMU,Round,"Cincinnati, OH",1868,-84.45,39.15
1869-Songsf-EMU,Round,"Chicago, IL",1869,-87.65,41.85
1871-Christ-EMU,Round,"Cincinnati, OH",1871,-84.45,39.15
1871-Kindwo-EMU,Round,"Memphis, TN",1871,-90.0333,35.1333
1872-Harfen-EMU,Round,"Cincinnati, OH;Chicago, IL;St. Louis, MO;New York, NY",1872,-84.45;-87.65;-90.1833;-74,39.15;41.85;38.6167;40.7
1872-Newhar-EMU,Numeral staff;Round,"Cincinnati, OH",1872,-84.45,39.15
1873-Fruits-EMU,Seven-shape Walker,"Philadelphia, PA",1873,-75.15,39.95
1873-Hymnsf-EMU,Nil,"Nashville, TN",1873,-86.761,36.154
1873-Songsf-EMU,Round,"Cincinnati, OH;Chicago, IL;St. Louis, MO;New York, NY",1873,-84.45;-87.65;-90.1833;-74,39.15;41.85;38.6167;40.7
1874-Bookof-EMU,Round,"Richmond, VA",1874,-77.45,37.55
1874-Contri-EMU,Round,"Baltimore, MD",1874,-76.6,39.2833
1874-Everys-EMU,Round,"Cincinnati, OH",1874,-84.45,39.15
1874-Golden-EMU,Round,"Cincinnati, OH",1874,-84.45,39.15
1874-Palmof-EMU,Round,"St. Louis, MO",1874,-90.1833,38.6167
1876-Bibles-EMU,Round,"Nashville, TN",1876,-86.761,36.154
1875-Devoti-EMU,Nil,"Richmond, VA",1875,-77.45,37.55
1875-Gospel-EMU,Round,"Cincinnati, OH",1875,-84.45,39.15
1876-Melodi-EMU,Seven-shape Funk,"Singers Glen, VA",1876,-78.9,38.55
1876-Storyo-EMU,Round,"London, United Kingdom",1876,.10203,51.52393
1877-Jasper-EMU,Round,"Cincinnati, OH
New York, NY",1877,-74,40.7
1877-Mornin-EMU,Round,"Cincinnati, OH;St. Louis, MO",1877,-84.45;-90.1833,39.15;38.6167
1877-Newmel-EMU,Seven-shape Aikin,"Dayton, VA",1877,-78.9333,38.4
1878-Golden-EMU,Round,"Cincinnati, OH",1878,-84.45,39.15
1878-Gospe1-EMU,Round,"Cincinnati, OH",1878,-84.45,39.15
1878-Gospe2-EMU,Round,"Cincinnati, OH",1878,-84.45,39.15
1878-Helpin-EMU,Round,"Cincinnati, OH",1878,-84.45,39.15
1878-Hymnal-EMU,Round,"Cincinnati, OH; New York, NY",1878,-84.45;-74,39.15;40.7
1878-Lastwo-EMU,Seven-shape Aikin,"Dayton, VA;Nashville, TN",1878,-78.9333;-86.761,38.4;36.154
1878-Revivi-EMU,Nil,"Lynchburg, VA",1878,0,0
1878-Tiding-EMU,Round,"Columbia, TN",1878,-87.0333,35.6
1879-Bapti2-EMU,Round,"Louisville, KY",1879,-85.75,38.25
1879-Primit-EMU,Round,"St. Louis, MO",1879,-90.1833,38.6167
1879-Sacred-EMU,Nil,"Chattanooga, TN",1879,-85.3,35.0333
1879-Songvi-EMU,Round,"Cincinnati, OH",1879,-84.45,39.15
1879-Wreath-EMU,Round,"New York, NY
Atlanta, GA",1879,-84.3833,33.7333
1880-Childr-EMU,Round,"Nashville, TN",1880,-86.761,36.154
1880-Hymnsx-EMU,Nil,"Baltimore, MD",1880,-76.6,39.2833
1880-Joyand-EMU,Round,"Cincinnati, OH",1880,-84.45,39.15
1880-Newhy1-EMU,Round,"Nashville, TN",1880,-86.761,36.154
1880-Newhy2-EMU,Nil,"Nashville, TN",1880,-86.761,36.154
1880-Songse-EMU,Round,"Cincinnati, OH",1880,-84.45,39.15
1912-Tribut-EMU,Seven-shape Aikin,"Atlanta, GA",1912,-84.3833,33.7333
1881-Evange-EMU,Round,"St. Charles, MO",1881,-90.4667,38.7833
1881-Himnar-EMU,Round,M??xico,1881,-102,23
1881-Redeem-EMU,Round,"Cincinnati, OH;New York, NY",1881,-84.45;-74,39.15;40.7
1881-Twilig-EMU,Round,"St. Louis, MO",1881,-90.1833,38.6167
1882-Gracea-EMU,Round,"Nashville, TN",1882,-86.761,36.154
1882-Juveni-EMU,Round,"Cincinnati, OH",1882,-84.45,39.15
1882-NewChr-EMU,Round,"Cincinnati, OH",1882,-84.45,39.15
1882-Psalms-EMU,Round,"Richmond, VA;New York, NY",1882,-77.45;-74,37.55;40.7
1882-Realmo-EMU,Round,"Cincinnati, OH;Chicago, IL",1882,-84.45;-87.65,39.15;41.85
1882-Singin-EMU,Round,"Cincinnati, OH",1882,-84.45,39.15
1883-Better-EMU,Round,"Cincinnati, OH",1883,-84.45,39.15
1883-Bookof-EMU,Round,"Richmond, VA",1883,-77.45,37.55
1883-Duplex-EMU,Round,"Richmond, VA",1883,-77.45,37.55
1883-Holyvo-EMU,Round,"Dayton, OH",1883,-84.1833,39.75
1883-Lovean-EMU,Seven-shape Aikin,"Savannah, GA",1883,-81.1,32.0833
1883-Purede-EMU,Round,"Cincinnati, OH",1883,-84.45,39.15
1883-Select-EMU,Round,"Richmond, VA",1883,-77.45,37.55
1883-Shaker-EMU,Round,"Shaker Village, NH",1883,-71.4833,43.35
1883-Songso-EMU,Round,"Cincinnati, OH;Chicago, IL;St. Louis, MO",1883,-84.45;-87.65;-90.1833,39.15;41.85;38.6167
1883-Teache-EMU,Round,"Cincinnati, OH;St. Louis, MO",1883,-84.45;-90.1833,39.15;38.6167
1883-Triune-EMU,Seven-shape Aikin,"Dayton, VA",1883,-78.9333,38.4
1883-Voiceo-EMU,Round,"Cincinnati, OH",1883,-84.45,39.15
1884-Congre-EMU,Numeral staff,"Cincinnati, OH",1883,-84.45,39.15
1884-Consol-EMU,Round,"Cincinnati, OH;New York, NY;Chicago, IL",1884,-84.45;-74;-87.65,39.15;40.7;41.85
1884-Everla-EMU,Round,"Galveston, TX",1884,-94.7833,29.3
1884-Gospel-EMU,Round,"Cincinnati, OH",1884,-84.45,39.15
1884-Gratef-EMU,Round,"Cincinnati, OH",1884,-84.45,39.15
1884-Harves-EMU,Round,"Cincinnati, OH",1884,-84.45,39.15
1884-Hymnbo-EMU,Nil,"Philadelphia, PA",1884,-75.15,39.95
1884-Jesus1-EMU,Round,"Cincinnati, OH; New York, NY",1884,-84.45;-74,39.15;40.7
1884-Ourson-EMU,Round,"Cincinnati, OH;New York, NY;Chicago, IL",1884,-84.45;-74;-87.65,39.15;40.7;41.85
1884-Praise-EMU,Numeral staff,"Cincinnati, OH",1884,-84.45,39.15
1884-Sabbat-EMU,Seven-shape Aikin,"Dayton, VA",1884,-78.9333,38.4
1884-Temple-EMU,Seven-shape Aikin,"Cincinnati, OH;Chicago, IL;New York, NY",1884,-84.45;-87.65;-74,39.15;41.85;40.7
1885-Freshf-EMU,Round,"Boston, MA;New York, NY;Philadelphia, PA;Chicago, IL",1885,-71.05;-74;-75.15;-87.65,42.35;40.7;39.95;41.85
1885-Golden-EMU,Round,"Romney, WV",1885,-78.75,39.3333
1885-Holyma-EMU,Round,"Columbia, TN",1885,-87.0333,35.6
1885-Lofzan-EMU,Round,"Cincinnati, OH",1885,-84.45,39.15
1885-Popula-EMU,Round,"Covington, KY",1885,-84.5,39.0833
1885-Revise-EMU,Nil,"Richmond, VA",1885,-77.45,37.55
1885-Zionso-EMU,Seven-shape Aikin,"Dayton, VA",1885,-78.9333,38.4
1886-Carols-EMU,Round,"Atlanta, GA",1886,-84.3833,33.7333
1886-Childr-EMU,Round,"Cincinnati, OH",1886,-84.45,39.15
1890-Gospel-EMU,Round;Numeral staff,"Barnesville, GA",1890,-84.15,33.05
1886-Greata-EMU,Round,"Cincinnati, OH;Chicago, IL;New York, NY",1886,-84.45;-87.65;-74,39.15;41.85;40.7
1886-Joyand-EMU,Round,"Cincinnati, OH",1886,-84.45,39.15
1886-Newli1-EMU,Nil,"Nashville, TN",1886,-86.761,36.154
1886-Stream-EMU,Round,"Columbia, TN",1886,-87.0333,35.6
1887-Songs1-EMU,Numeral staff,"Cincinnati, OH",1887,-84.45,39.15
1887-Songs2-EMU,Numeral staff,"Cincinnati, OH",1887,-84.45,39.15
1888-Gesang-EMU,Nil,"Cincinnati, OH;Chicago, IL;St. Louis, MO;New York, NY",1888,-84.45;-87.65;-90.1833;-74,39.15;41.85;38.6167;40.7
1888-Hymnst-EMU,Seven-shape Aikin,"Dalton, GA",1888,-84.9667,34.7667
1888-Ournew-EMU,Seven-shape Aikin,"Bowman, GA",1888,-83.0167,34.2
1888-Royalp-EMU,Round,"Cincinnati, OH;Chicago, IL;New York, NY",1888,-84.45;-87.65;-74,39.15;41.85;40.7
1888-Sabbat-EMU,Round,"Savannah, GA",1888,-81.1,32.0833
1888-Songso-EMU,Round,"Cincinnati, OH",1888,-84.45,39.15
1892-Standa-EMU,Round,"Cincinnati, OH; Louisville, KY",1888,-84.45;-85.75,39.15;38.25
1889-Budsan-EMU,Round,"Baltimore, MD",1889,-76.6,39.2833
1889-Christ-EMU,Round,"Nashville, TN",1889,-86.761,36.154
1889-Cumber-EMU,Round,"Nashville, TN",1889,-86.761,36.154
1889-Easte1-EMU,Round,"Cincinnati, OH;Chicago, IL;New York, NY",1889,-84.45;-87.65;-74,39.15;41.85;40.7
1889-Evange-EMU,Nil,"Baltimore, MD",1889,-76.6,39.2833
1889-Gospel-EMU,Round,"Cincinnati, OH",1889,-84.45,39.15
1889-Hymnan-EMU,Seven-shape Aikin,"Nashville, TN",1889,-86.761,36.154
1889-Hymnsf-EMU,Nil,"Baltimore, MD?",1889,-76.6,39.2833
1889-Missio-EMU,Round,"Cincinnati, OH;Chicago, IL;New York, NY",nan,-84.45;-87.65;-74,39.15;41.85;40.7
1889-Newvoi-EMU,Round,"Dalton, GA",1889,-84.9667,34.7667
1889-Ourhym-EMU,Nil,"Nashville, TN",1889,-86.761,36.154
1889-Sacred-EMU,Round,"Andersonville, TN",1889,-84.0333,36.1833
1889-Songge-EMU,Seven-shape Aikin,"Temple, TX",1889,-97.3333,31.0833
1889-Window-EMU,Round,"Baltimore, MD",1889,-76.6,39.2833
188x-Songso-EMU,Round,"Washington, D. C.; South Bend, Ind.; New York, N. Y.",nan,-77;-86.25;-74,38.8333;41.6833;40.7
1890-Christ-EMU,Round,"Cincinnati, OH;New York, NY",1890,-84.45;-74,39.15;40.7
1890-Mornin-EMU,Round,"Cincinnati, OH;Chicago, IL;St. Louis, MO;New York, NY",1890,-84.45;-87.65;-90.1833;-74,39.15;41.85;38.6167;40.7
1890-Pureso-EMU,Round,"Macon, GA;Nashville, TN;St. Louis, MO",1890,-83.6167;-86.761;-90.1833,32.8333;36.154;38.6167
1892-Reviva-EMU,Round,"Atlanta, GA",1890,-84.3833,33.7333
1890-YMCAgo-EMU,Round,"Chicago, IL",1890,-87.65,41.85
1891-Bright-EMU,Round,"Baltimore, MD",1891,-76.6,39.2833
1891-Select-EMU,Nil,"Wilmington, DL",1891,-75.5333,39.7333
1891-Servic-EMU,Round,"Nashville, TN",1891,-86.761,36.154
1891-Songsf-EMU,Round,"Cincinnati, OH;New York, NY",1891,-84.45;-74,39.15;40.7
1891-Soothi-EMU,Round,"Kansas City, MO",1891,-94.5667,39.0833
1892-Gabrie-EMU,Round,"Louisville, KY",1892,-85.75,38.25
1892-Songso-EMU,Round,"Richmond, VA",1892,-77.45,37.55
1892-Womans-EMU,,"Baltimore, MD",1892,-76.6,39.2833
1892-Wordso-EMU,Seven-shape Aikin,"Nashville, TN",1892,-86.761,36.154
1893-Epwort-EMU,Round,"Cincinnati, OH;Chicago, IL;St. Louis, MO;New York, NY",1893,-84.45;-87.65;-90.1833;-74,39.15;41.85;38.6167;40.7
1893-Harpof-EMU,Round;Seven-shape Hood,"Petersburg, VA",1893,0,0
1893-Hearts-EMU,Round,"Cincinnati, OH;New York, NY",1893,-84.45;-74,39.15;40.7
1893-Hymnso-EMU,Round,"Richmond, VA",1891,-77.45,37.55
1893-Inhisn-EMU,Round,"Baltimore, MD",1893,-76.6,39.2833
1893-Lifean-EMU,Round,"Cincinnati, OH;New York, NY",1893,-84.45;-74,39.15;40.7
1893-McInto-EMU,Round,"Macon, GA",1893,-83.6167,32.8333
1893-Messen-EMU,Round,"Dayton, VA",1893,-78.9333,38.4
1893-Musicf-EMU,Round;Seven-shape Hood,"St. Louis,  MO",1893,-90.1833,38.6167
1893-Psalms-EMU,Seven-shape Aikin,"Knoxville, Tenn.;Bridgewater, VA",1893,-83.9167;-78.9667,35.95;38.3667
1894-Blosso-EMU,Round,"Dalton, GA;Dallas, TX;Huntingdon, PA",1894,-84.9667;-96.8;-78,34.7667;32.7833;40.4833
1894-Bright-EMU,Round,"Vicksburg, MS",1894,-90.8667,32.35
1894-Crowni-EMU,Round,"Dalton, GA;Dallas, TX;Huntingdon, PA",1894,-84.9667;-96.8;-78,34.7667;32.7833;40.4833
1894-Lifean-EMU,Round,"Cincinnati, OH",1894,-84.45,39.15
1894-Reviva-EMU,Round,"Dalton, GA;Dallas, TX;Huntingdon, PA",1894,-84.9667;-96.8;-78,34.7667;32.7833;40.4833
1894-Select-EMU,Round,"Cincinnati, OH",1894,-84.45,39.15
1895-Chris1-EMU,Round,"St. Louis, MO",1895,-90.1833,38.6167
1895-Glowin-EMU,Seven-shape Aikin,"Atlanta, GA",1895,-84.3833,33.7333
1895-Gospe1-EMU,Round,"Cincinnati, OH;New York, NY;Chicago, IL",1895,-84.45;-74;-87.65,39.15;40.7;41.85
1895-Gospe2-EMU,Round,"Louisville, KY",1895,-85.75,38.25
1897-Nation-EMU,Round,"Nashville, TN",1895,-86.761,36.154
1897-Little-EMU,Round,"Atlanta, GA;Cincinnati, OH;Kansas City, MO",1897,-84.3833;-84.45;-94.5667,33.7333;39.15;39.0833
1897-Wonder-EMU,Round,"Baltimore, MD",1897,-76.6,39.2833
1898-Fillmo-EMU,Round,"Cincinnati, OH;New York, NY",1898,-84.45;-74,39.15;40.7
1899-Fillmo-EMU,Round,"Cincinnati, OH;New York, NY",1898,-84.45;-74,39.15;40.7
1898-Gospel-EMU,Round,"Bridgewater, VA",1898,-78.9667,38.3667
1898-Happyv-EMU,Round,"Waco, TX",1898,-97.1333,31.5333
1898-Hymnbo-EMU,Nil,"Nashville, TN",1898,-86.761,36.154
190x-Missio-EMU,Round;Seven-shape Aikin,"Athens, GA",190X,-83.3667,33.95
1855-Liturg-BRU,Nil,"Baltimore, MD",1855,-76.6,39.2833
1859-Sacred-BRU,Round,"Boston, MA; New York, NY; Cincinnati, OH",1859,-71.05;-74;-84.45,42.35;40.7;39.15
1861-Contra-BRU,Nil,,nan,0,0
1864-Lieder-BRU,,"New York, NY; Cincinnati, OH",1864,-74;-84.45,40.7;39.15
1864-Singvo-BRU,,"Cincinnati, OH; Berlin",1864,-84.45;13.4,39.15;52.516667
1872-Happym-BRU,Nil,"Providence, RI",1872,-71.4,41.8167
1874-Songso-BRU,Nil,,nan,0,0
1875-Songfr-BRU,Nil,"Boston, MA",1875,-71.05,42.35
1888-Reviva-BRU,,,nan,0,0
1893-Collec-BRU,,"Chicago, IL",1893,-87.65,41.85
1897-Spirit-BRU,Nil,"Boston, MA",1897,-71.05,42.35
18xx-Funera-BRU,Nil,"Boonsboro, MD",18xx,-75.85,38.95
1903-Fillmo-BRU,,,nan,0,0
1904-Worldf-BRU,Round,"Chicago, IL",1904,-87.65,41.85
1908-Concor-BRU,,"Saint Louis, MO",1908,-90.1833,38.6167
1911-Golden-BRU,,"Dallas, TX",1911,-96.8,32.7833
1911-Mostpo-BRU,Round,"New York City, NY",1911,-74,40.7
1912-Messen-BRU,,,nan,0,0
1912-Oldtim-BRU,Seven-shape Aikin,Texarkana,1912,0,0
1912-Somecu-BRU,Nil,"College Station, TX",1912,-96.3333,30.6167
1918-Darkey-BRU,Round,"New York City, NY",1918,-74,40.7
1918-Negros-BRU,Round,"Hollywood, CA;Boston, MA",1918,-118.3167;-71.05,34.0833;42.35
1918-Oldmel-BRU,,"Chicago, IL",1918,-87.65,41.85
1920-Baptis-BRU,Nil,"[Honaker, VA]",1920,-81.9667,37
1923-Ohthel-BRU,Round,"Cincinnati, OH;New York, NY;London, England",1923,-84.45;-74;-.093145,39.15;40.7;51.514248
1923-Spirit-BRU,,"London, England",1923,-.093145,51.514248
1924-Deepri-BRU,Round,New York,1924,-74,40.7
1924-Wereyo-BRU,Round,New York,1924,-74,40.7
1925-OLordI-BRU,Round,"Boston, MA",1925,-71.05,42.35
1925-TenNeg-BRU,,"Boston, MA;New York, NY",1925,-71.05;-73.9667,42.35;40.7833
1850-Baptis-EMU,,"Cincinnati, OH",1850,-84.45,39.15
190x-Nation-MTS,,"Nashville, TN",1906,-86.761,36.154
19xx-Tobacc-MTS,,"Raleigh, NC",19xx,-78.6333,35.7667
19xx-Godlea-MTS,,"Chicago, IL",19xx,-87.65,41.85
1932-Fortys-MTS,Round,"Chicago, IL",1932,-87.65,41.85
192x-Gospel-MTS,Round;Seven-shape Aikin,"Chicago, IL",192x,-87.65,41.85
1928-Sparkl-MTS,Seven-shape Aikin,"Jacksonville, TX; Chattanooga, TN",1928,-95.2667;-85.3,31.95;35.0333
1928-Heaven-MTS,Seven-shape Aikin,"Athens, GA",1928,-83.3667,33.95
1925-Womens-MTS,Round,"Dayton, OH; New York, New York; Chicago, IL",1925,-84.1833,39.75
1925-Winnin-MTS,Seven-shape Aikin,"Asheville, NC",1925,-82.55,35.6
1925-Songs2-MTS,Round,"Los Angeles, CA",1925,-118.2333,34.05
1925-Songs1-MTS,Seven-shape Aikin,"Athens, AL",1925,-86.9667,34.8
1925-Signal-MTS,Seven-shape Aikin,"Knoxville, TN; Texarkana, AR; Abilene, TX",1925,-83.9167;-99.7167,35.95;32.4333
1926-Scelta-MTS,Seven-shape Aikin,"Hudson, NC",1925,-81.4833,35.8333
1925-Musikl-MTS,Round,"Little Rock, AR",1925,-92.2833,34.7333
1925-Master-MTS,Round,"Knoxville, TN",1925,-83.9167,35.95
1925-Living-MTS,Round,"Chicago, IL",1925,-87.65,41.85
1925-Joybe2-MTS,Seven-shape Aikin,"Chattanooga, TN",1925,-85.3,35.0333
1925-Joybe1-MTS,Seven-shape Aikin,"Waco, TX;Memphis, TN",1925,-97.1333;-90.0333,31.5333;35.1333
1925-Jehova-MTS,Round,"Fort Worth, TX",1925,-97.3167,32.7167
1925-Instit-MTS,Round,"New York, NY;Cincinnati, OH",1925,-74;-84.45,40.7;39.15
1925-Heaven-MTS,Seven-shape Aikin,"Lawrenceburg, TN",1925,-87.3333,35.2333
1925-Harbor-MTS,Seven-shape Aikin,"Dallas, TX;Pangburn, AR;Chattanooga, TN",1925,-96.8;-91.8333;-85.3,32.7833;35.4167;35.0333
1925-Aframe-MTS,Round,"New York, NY",1925,-74,40.7
1924-Wonder-MTS,Round,"Cincinnati, OH",1924,-84.45,39.15
1924-Songsf-MTS,Round,"Cincinnati, OH",1924,-84.45,39.15
1924-Livin2-MTS,Seven-shape Aikin,"Hudson, NC",1924,-81.4833,35.8333
1924-Livin1-MTS,Seven-shape Aikin,"Lawrenceburg, TN;Jacksonville, TX;Greenville, SC",1924,-87.3333;-95.2667;-82.3833,35.2333;31.95;34.85
1924-Joytot-MTS,Seven-shape Aikin,"Little Rock, AR;Temple, TX;Clovis, NM;Greenville, TN;Gainesville, GA",1924,-92.2833;-97.3333;-103.2;-86.8833;-83.8167,34.7333;31.0833;34.4;36.2833;34.2833
1924-Hisvoi-MTS,Seven-shape Aikin,"Lawrenceburg, TN;Jacksonville, TX;Greenville, SC",1924,-87.3333;-95.2667;-82.3833,35.2333;31.95;34.85
1924-Herald-MTS,Seven-shape Aikin,"Oklahoma City, OK",1924,-97.5,35.4667
1924-Heave2-MTS,Seven-shape Aikin,"Greenville, SC",1924,-82.3833,34.85
1924-Heave1-MTS,Seven-shape Aikin,"Athens, GA",1924,-83.3667,33.95
1924-Gospel-MTS,Seven-shape Aikin,"Dallas, GA; Ty Ty, GA; Dothan, AL",1924,-96.8;-83.6333;-85.3833,32.7833;31.4667;31.2167
1924-Easter-MTS,Round,"Baltimore, MD",1924,-76.6,39.2833
1924-Collec-MTS,Round,"New York, NY",1924,-74,40.7
1924-Christ-MTS,Seven-shape Aikin,"Chattanooga, TN",1924,-85.3,35.0333
1924-Allfor-MTS,Seven-shape Aikin,"Birmingham, AL",1924,-86.8,33.5167
1923-Songla-MTS,Seven-shape Aikin,"Little Rock, AR;Athens, GA",1923,-92.2833;-83.3667,34.7333;33.95
1923-Select-MTS,Seven-shape Aikin,"Louisville, KY",1924,-85.75,38.25
1923-Newmel-MTS,Seven-shape Aikin,"Asheville, NC;Sulphur Springs, TX",1923,-82.55;-95.6,35.6;33.1333
1923-Kingof-MTS,Round,"Cincinnati, OH",1923,-84.45,39.15
1923-Junior-MTS,Round,"St. Louis, MO",1923,-90.1833,38.6167
1923-Callch-MTS,Seven-shape Aikin,"Corinth, MS",1923,-88.5167,34.9333
1923-Awaken-MTS,Seven-shape Aikin,"Lawrenceburg, TN",1923,-87.3333,35.2333
1922-Songso-MTS,Seven-shape Aikin,"Chattanooga, TN;Plant City, FL",1922,-85.3;-82.1,35.0333;28.0167
1922-Revive-MTS,Round,"Dallas, TX;Chattanooga, TN",1922,-96.8;-85.3,32.7833;35.0333
1922-Ninety-MTS,Seven-shape Aikin;Round,"Trion, GA",1922,-85.3,34.5333
1922-Hymnsw-MTS,Round,"Chattanooga, TN",1922,-85.3,35.0333
1922-Hallel-MTS,Seven-shape Aikin,"Lawrenceburg, TN",1922,-87.3333,35.2333
1922-Glorys-MTS,Seven-shape Aikin,"Waco, TX;Memphis, TN",1922,-97.1333;-90.0333,31.5333;35.1333
1922-Beulah-MTS,Seven-shape Aikin,"Asheville, NC",1922,-82.55,35.6
1927-Vaugha-MTS,Seven-shape Aikin,"Lawrenceburg, TN",1921,-87.3333,35.2333
1921-Songsf-MTS,Round,"Nashville, TN;Dallas, TX;Richmond, VA",1921,-86.761;-96.8;-77.45,36.154;32.7833;37.55
1921-Reviva-MTS,Seven-shape Aikin,"Dayton, VA",1921,-78.9333,38.4
1921-Musict-MTS,Seven-shape Aikin,"Hudson, NC",1921,-81.4833,35.8333
1921-Glorye-MTS,Seven-shape Aikin,"Asheville, NC;Comanche, TX",1921,-82.55;-98.6,35.6;31.8833
1921-Glorio-MTS,Seven-shape Aikin,"Saltillo, MS;Springfield, MO;Dallas, TX;Pell City, AL",1921,-88.6667;-93.2833;-96.8;-86.2833,34.3667;37.2;32.7833;33.5833
1921-Elmhur-MTS,Round,"St. Louis, MO;Chicago, IL",1921,-90.1833;-87.65,38.6167;41.85
1921-Alexan-MTS,Round,"Philadelphia, PA",1921,-75.15,39.95
1920-Songs3-MTS,Round,"Atlanta, GA",19XX,-84.3833,33.7333
1920-Songs1-MTS,Round,"Atlanta, GA",1920,-84.3833,33.7333
1920-Songan-MTS,Seven-shape Aikin,"Basic, VA",1920,-78.8741901,38.0709693
1920-Practi-MTS,Seven-shape Aikin,"Dayton, VA",1920,-78.9333,38.4
1920-Newper-MTS,Round,"Lawrenceburg, TN",1920,-87.3333,35.2333
1920-Highwa-MTS,Seven-shape Aikin,"Dalton, GA;Dallas, TX;Chattanooga, TN",1920,-84.9667;-96.8;-85.3,34.7667;32.7833;35.0333
1920-Heaven-MTS,Seven-shape Aikin,"Athens, GA",1920,-83.3667,33.95
1918-Harves-MTS,Seven-shape Aikin,"Altanta, GA",1920,-84.3833,33.7333
1920-Evange-MTS,Seven-shape Aikin,"Knoxville, TN;Little Rock, AR",1920,-83.9167;-92.2833,35.95;34.7333
1920-Bellso-MTS,Seven-shape Aikin,"Waco, TX;Memphis, TN",1920,-97.1333;-90.0333,31.5333;35.1333
1919-Trutha-MTS,Seven-shape Aikin,"Hudson, NC",1919,-81.4833,35.8333
1919-Songso-MTS,Seven-shape Aikin,"Dayton, TN",1919,-85,35.4833
1919-Crowns-MTS,Seven-shape Aikin,"Dalton, GA;Dallas, TX;Chattanooga, TN",1919,-84.9667;-96.8;-85.3,34.7667;32.7833;35.0333
1919-Carols-MTS,Seven-shape Aikin,"Waco, TX;Memphis, TN",1919,-97.1333;-90.0333,31.5333;35.1333
1914-Victor-MTS,Seven-shape Aikin,"Bethlehem, GA",1914,-83.7,33.9167
1918-Towner-MTS,Round,"Chicago, IL",1918,-87.65,41.85
1919-Shinin-MTS,Seven-shape Aikin,"Belmont, MS",1918,-88.2,34.5
1918-Reviv2-MTS,Round,"Dalton, GA;Dallas, TX;Chattanooga, TN",1918,-84.9667;-96.8;-85.3,34.7667;32.7833;35.0333
1918-Reviv1-MTS,Seven-shape Aikin,"Fort Worth, TX",1918,-97.3167,32.7167
1918-Planta-MTS,Round,"Chicago, IL;Philadelphia, PA",1918,-87.65;-75.15,41.85;39.95
1918-Heaven-MTS,Seven-shape Aikin,"Lawrenceburg, TN",1918-Heaven-MTS,-87.3333,35.2333
1918-Gladne-MTS,Seven-shape Aikin,"Hudson, NC",1918,-81.4833,35.8333
1918-Beauti-MTS,Seven-shape Aikin,"Saltillo, MS;Pell City, AL;St. Louis, MO;Springfield, MO;Pleasant Point, TN",1918,-88.6667;-87.3667;-93.2833;-86.2833;-90.1833,34.3667;35.1333;37.2;33.5833;38.6167
1917-Servic-MTS,Round,"New York, NY",1917,-74,40.7
1917-Praise-MTS,Seven-shape Aikin,"Lawrenceburg, TN",1917,-87.3333,35.2333
1917-Nearth-MTS,Seven-shape Aikin,"Hudson, NC",1917,-81.4833,35.8333
1917-Modern-MTS,Seven-shape Aikin,"Lawrenceburg, TN",1917,-87.3333,35.2333
1917-Guidin-MTS,Seven-shape Aikin,"Waco, TX;Memphis, TN;Asheville, NC",1917,-97.1333;-90.0333;-82.55,31.5333;35.1333;35.6
1917-Glorye-MTS,Seven-shape Aikin,"Bessemer, AL",1917,-86.95,33.4
1917-Garden-MTS,Seven-shape Aikin;Round,"Basic, VA",1917,-78.8833,38.0667
1917-Eureka-MTS,Seven-shape Aikin,,1917,0,0
1916-Praise-MTS,Seven-shape Aikin,"Dalton, GA;Dallas, TX;Chattanooga, TN",1916,-84.9667;-96.8;-85.3,34.7667;32.7833;35.0333
1916-Gleane-MTS,Seven-shape Aikin,"Waco, TX;Memphis, TN",1916,-97.1333;-90.0333,31.5333;35.1333
1916-Gladne-MTS,Seven-shape Aikin,"Hudson, NC",1916,-81.4833,35.8333
1915-Soulwi-MTS,Seven-shape Aikin,"Lawrenceburg, TN",1915,-87.3333,35.2333
1915-Songso-MTS,Round,"Cincinnati, OH",1915,-84.45,39.15
1915-Immanu-MTS,Seven-shape Aikin,"McRae, GA",1915,-82.9,32.0667
1915-Heaven-MTS,Seven-shape Aikin,"Athens, GA",1915,-83.3667,33.95
1915-HamRam-MTS,Round,"Chattanooga, TN",1915,-85.3,35.0333
1915-Carolc-MTS,Seven-shape Aikin,"Lawrenceburg, TN",1915,-87.3333,35.2333
1914-Tenles-MTS,Round;Seven-shape Aikin,"Lawrenceburg, TN",1914,-87.3333,35.2333
1914-Praise-MTS,Round,"Springfield, Missouri",1914,-93.2833,37.2
1914-Perenn-MTS,Seven-shape Aikin,"Dalton, GA;Dallas, TX;Chattanooga, TN",1914,-84.9667;-96.8;-85.3,34.7667;32.7833;35.0333
1914-Eureka-MTS,Seven-shape Aikin,"Stigler, OK;Oneonta, AL;Morristown, TN;Seymour, TX",1914,-95.1167;-86.4667;-83.2833;-99.25,35.25;33.9333;36.2;33.5833
1913-Worlde-MTS,Seven-shape Aikin,"Dallas, TX",1913,-96.8,32.7833
1913-Redemp-MTS,Seven-shape Aikin,"Nashville, TN",1913,-86.761,36.154
1913-Planta-MTS,Round,"Philadelphia, PA",1913,-75.15,39.95
1913-Newson-MTS,Seven-shape Aikin,"Lenoir, NC",1913,-81.5333,35.9
1913-Gospel-MTS,Seven-shape Aikin,"Lawrenceburg, TN",1913,-87.3333,35.2333
1912-Window-MTS,Seven-shape Aikin,"Athens, GA",1912,-83.3667,33.95
1912-Sunnys-MTS,Seven-shape Aikin,"Dalton, GA;Dallas, TX",1912,-84.9667;-96.8,34.7667;32.7833
1912-Songso-MTS,Round,"Cincinnati, OH",1912,-84.45,39.15
1912-Songan-MTS,Round,"New York, NY;Cincinnati, OH",1912,-74;-84.45,40.7;39.15
1912-Newrev-MTS,Seven-shape Aikin,"Dalton, GA;Dallas, TX;Chattanooga, TN",1912,-84.9667;-96.8;-85.3,34.7667;32.7833;35.0333
1912-Harpof-MTS,Seven-shape Aikin,"Lawrenceburg, TN",1912,-87.3333,35.2333
1912-Eureka-MTS,Seven-shape Aikin,"Stigler, OH
Carrollton, GA
Cullman, AL",1912,-86.8333,34.1667
1912-Alexan-MTS,Round,"New York, NY
London, United Kingdom",1912,.10203,51.52393
190x-Vaugha-MTS,Seven-shape Aikin,"Athens, GA",1911,-83.3667,33.95
1911-Songso-MTS,Seven-shape Aikin,"Dayton, TN",1911,-85,35.4833
1911-Quarte-MTS,Seven-shape Aikin,"Fort Worth, TX",1911,-97.3167,32.7167
1911-Jewels-MTS,Round,"Cincinnati, OH",1911,-84.45,39.15
1911-Crowni-MTS,Seven-shape Aikin,"Lawrenceburg, TN",1911,-87.3333,35.2333
1910-Voices-MTS,Seven-shape Aikin,"Lawrenceburg, TN",1910,-87.3333,35.2333
1913-Happyv-MTS,Seven-shape Aikin,"Bethlehem, GA",1910,-83.7,33.9167
1909-Window-MTS,Seven-shape Aikin,"Athens, GA;Mt. Sylvan, TX",1909,-83.3667;-95.4667,33.95;32.45
1909-Newonw-MTS,Seven-shape Aikin,"Roanoke, VA;Logansport, IN",1909,-79.9333;-86.35,37.2667;40.75
1909-Evange-MTS,Round,"Philadelphia, PA;Boston, MA;New York, NY;Chicago, IL;St. Louis, MO;Dallas, TX;Atlanta, GA",1909,-75.15;-71.05;-74;-87.65;-90.1833;-96.8;-84.3833,39.95;42.35;40.7;41.85;38.6167;32.7833;33.7333
1909-Cumber-MTS,Seven-shape Aikin,"Nashville, TN",1909,-86.761,36.154
1908-Twelft-MTS,Round,"Louisville, KY",1908,-85.75,38.25
1908-Songso-MTS,Round;Seven-shape Aikin,"Cincinnati, OH",1908,-84.45,39.15
1908-Gesang-MTS,,"St. Louis, MO;Chicago, IL",1908,-90.1833;-87.65,38.6167;41.85
1907-Select-MTS,Round,"New York, NY;Chicago, IL;Atlanta, GA",1907,-74;-87.65;-84.3833,40.7;41.85;33.7333
1907-Pilger-MTS,Round,"Cincinnati, OH;New York, NY",1907,-84.45;-74,39.15;40.7
1907-Patton-MTS,Seven-shape Aikin,"Dalton, GA;Dallas, TX",1907,-84.9667;-96.8,34.7667;32.7833
1907-Organo-MTS,Round,"St. Louis, MO",1907,-90.1833,38.6167
1907-Happyd-MTS,Round,"Lawrenceburg, TN",1907,-87.3333,35.2333
1907-Bestof-MTS,Seven-shape Aikin,"Dayton, VA",1907,-78.9333,38.4
1906-Starof-MTS,Seven-shape Aikin,"Blountsville, AL;West Milton, OH",1906,-86.5833;-84.3167,34.0667;39.95
1906-Mehrst-MTS,Round,"St. Louis, MO",1906,-90.1833,38.6167
1906-Living-MTS,Seven-shape Aikin,"Nashville, TN",1906,-86.761,36.154
1906-Gladho-MTS,Seven-shape Aikin,"Waco, TX;Memphis, TN",1906,-97.1333;-90.0333,31.5333;35.1333
1906-GVhymn-MTS,Seven-shape Aikin,"Columbia, TN;Cincinnati, OH;Louisville, KY",1906,-87.0333;-84.45;-85.75,35.6;39.15;38.25
1905-Winnow-MTS,Seven-shape Aikin,"Bethlehem, GA",1905,-83.7,33.9167
1905-Soulso-MTS,Round,"Waco, TX;Chattanooga, TN",1905,-97.1333;-85.3,31.5333;35.0333
1905-Songs2-MTS,Seven-shape Aikin,"Waco, TX;Memphis, TN",1905,-97.1333;-90.0333,31.5333;35.1333
1905-Songs1-MTS,Round,"New York, NY;Boston, MA;Pittsburg[h], PA;Detroit, MI;Cincinnati, OH;Chicago, IL;Kansas City, MO;San Francisco, CA",1905,-74;-71.05;-79.9833;-83.0333;-84.45;-87.65;-94.5667;-122.4167,40.7;42.35;40.4333;42.3167;39.15;41.85;39.0833;37.7667
1905-Eureka-MTS,Seven-shape Aikin,"Stigler, Indian Territory",1905,-95.1167,35.25
1904-Sunlig-MTS,Seven-shape Aikin,"Hot Springs, AR",1904,-93.05,34.5
1904-Songso-MTS,Round,"Philadelphia, PA;New York, NY;Chicago, IL;St. Louis, MO;San Francisco, CA",1904,-75.15;-74;-87.65;-90.1833;-122.4167,39.95;40.7;41.85;38.6167;37.7667
1904-Practi-MTS,Seven-shape Aikin,"Dayton, VA",1904,-78.9333,38.4
1904-Perrys-MTS,Seven-shape Aikin,"Waco, TX; Chattanooga, TN",1904,-97.1333;-85.3,31.5333;35.0333
1904-Living-MTS,Seven-shape Aikin,"Nashville, TN",1904,-86.761,36.154
1903-Hymnso-MTS,Round,"Macon, GA",1903,-83.6167,32.8333
1902-Primit-MTS,Seven-shape Aikin,"Luray, VA;Danville, IN",1902,-78.45;-87.0833,38.65;39.25
1902-Gemsfo-MTS,Seven-shape Aikin,"Douglasville, GA",1902,-84.7333,33.75
1902-Favori-MTS,Round,"Kansas City, MO",1902,-94.5667,39.0833
1902-Bibles-MTS,Seven-shape Aikin,"Cincinnati, OH",1902,-84.45,39.15
1901-Window-MTS,Seven-shape Aikin,"Bowman, GA",1901,-83.0167,34.2
1902-Songso-MTS,Seven-shape Aikin,"Dayton, VA",1901,-78.9333,38.4
1901-Psalms-MTS,Nil,"Richmond, VA",1901,-77.45,37.55
1901-Hymnso-MTS,Round,"St. Louis, MO",1901,-90.1833,38.6167
1900-Practi-MTS,Round,"Cincinnati, OH;New York, NY;Chicago, IL;Leipsic [Leipzig], Germany;London, England",1900,-84.45;-74;-87.65;12.4167;.10203,39.15;40.7;41.85;51.3333;51.52393
1900-Pentec-MTS,Seven-shape Aikin,"Louisville, KY",1900,-85.75,38.25
1900-Gospel-MTS,Round,"Nashville, TN",1900,-86.761,36.154
1900-Epwort-MTS,Round,"New York, NY;Cincinnati, OH",1900,-74;-84.45,40.7;39.15
1900-Dortch-MTS,Round,"Nashville, TN",1900,-86.761,36.154
1899-Storyo-MTS,Round,"London, England",1899,-.093145,51.514248
1899-Psalms-MTS,Seven-shape Aikin,"West Milton, OH;Nashville, TN;Dalton, GA;Dallas, TX",1899,-84.3167;-86.761;-84.9667;-96.8,39.95;36.154;34.7667;32.7833
1899-Highwa-MTS,Round,"Dalton, GA;West Milton, OH;Dallas, TX",1899,-84.9667;-84.3167;-96.8,34.7667;39.95;32.7833
1899-Gospel-MTS,Round,"Chicago, IL",1899,-87.65,41.85
1898-Silver-MTS,Round,"St. Louis, MO;Indianapolis, IN",1898,-90.1833;-86.15,38.6167;39.7667
1898-Golden-MTS,Round,"Dayton, OH",1898,-84.1833,39.75
1898-Fillmo-MTS,Round,"Cincinnati, OH",1898,-84.45,39.15
1897-Select-MTS,Seven-shape Aikin,"Dalton, GA;Dallas, TX",1897,-84.9667;-96.8,34.7667;32.7833
1897-Seedso-MTS,Round,"Toledo, OH",1897,-83.55,41.65
1897-Romanh-MTS,Round,"New York, NY;Cincinnati, OH",1897,-74;-84.45,40.7;39.15
1897-Anthem-MTS,Round,"Cincinnati, OH;New York, NY",nan,-84.45;-74,39.15;40.7
1896-Window-MTS,Seven-shape Aikin,"Bowman, GA; Mt. Sylvan, TX",1896,-83.0167;-95.4667,34.2;32.45
1896-Anthem-MTS,Round,"Dayton, OH;New York, NY;Chicago, IL",1896,-84.1833;-74;-87.65,39.75;40.7;41.85
1895-Songof-MTS,Round,"Cincinnati, OH;Chicago, IL;St. Louis, MO;New York, NY;Boston, MA;Pittsburg[h], PA;San Francisco, CA",1895,-84.45;-87.65;-90.1833;-74;-71.05;-79.9833;-122.4167,39.15;41.85;38.6167;40.7;42.35;40.4333;37.7667
1895-Psalms-MTS,Seven-shape Aikin,"West Milton, OH;Bridgewater, VA;Atlanta, GA;Nashville, TN;Morgan, TX",1895,-84.3167;-78.9667;-84.3833;-86.761;-97.6,39.95;38.3667;33.7333;36.154;32.0167
1895-Dortch-MTS,Seven-shape Aikin,"Charlotte, NC",1895,-80.8333,35.2167
1894-Treble-MTS,Round,"Cincinnati, OH; New York, NY; Chicago, IL; Leipsic [Leipzig], Germany; London, England",1894,-84.45;-74;-87.65;12.4167;.10203,39.15;40.7;41.85;51.3333;51.52393
1894-PerleS-MTS,Round,"Cincinnati, OH; Chicago, IL; Kansas City, MO; New York, NY; Boston, MA; Pittsburg[h], PA; Detroit, MI; San Francisco, CA",1894,-84.45;-87.65;-94.5667;-74;-71.05;-79.9833;-83.0333;-122.4167,39.15;41.85;39.0833;40.7;42.35;40.4333;42.3167;37.7667
1894-Lieder-MTS,Round,"St. Louis, MO",1894,-90.1833,38.6167
1893-Unfadi-MTS,Round,"Cincinnati, OH; Chicago, IL; St. Louis, MO; Philadelphia, PA",1893,-84.45;-87.65;-90.1833;-75.15,39.15;41.85;38.6167;39.95
1893-Blessi-MTS,Seven-shape Aikin,"Dalton, GA",1893,-84.9667,34.7667
1892-Whiter-MTS,Round,"Chicago, IL",1892,-87.65,41.85
1892-Trieda-MTS,Round,"Dayton, OH",1892,-84.1833,39.75
1892-Songsa-MTS,Round,"Richmond, VA",nan,0,0
1892-Little-MTS,Round,"Cincinnati, OH; Chicago, IL; New York, NY",1892,-84.45;-87.65;-74,39.15;41.85;40.7
1891-Cabina-MTS,Round,"New York, NY; London, England",1891,-74;-.093145,40.7;51.514248
1889-Songso-MTS,Round,"Dayton, OH",1889,-84.1833,39.75
1889-Herber-MTS,Round,"Cincinnati, OH",1889,-84.45,39.15
1888-Modern-MTS,Round,"Cincinnati, OH;Chicago, IL;New York, NY",1888,-84.45;-87.65;-74,39.15;41.85;40.7
1888-Garner-MTS,Round,"Harrisburg, PA",1888,-76.8833,40.2667
1888-Deutsc-MTS,Round,"Cincinnati, OH;Chicago, IL;Kansas City, MO;San Francisco, CA;New York, NY;Boston, MA;Pittsburg[h], PA;Detroit, MI",1888,-84.45;-87.65;-94.5667;-122.4167;-74;-71.05;-79.9833;-83.0333,39.15;41.85;39.0833;37.7667;40.7;42.35;40.4333;42.3167
1887-Triump-MTS,Round,"Chicago, IL",1887,-87.65,41.85
1887-Songso-MTS,Round,"Cincinnati, OH; Chicago, IL; St. Louis, MO; Philadelphia, PA",1887,-84.45;-87.65;-90.1833;-75.15,39.15;41.85;38.6167;39.95
1887-Musica-MTS,Round,"Macon, GA",1887,-83.6167,32.8333
1887-Empire-MTS,Round,"Cincinnati, OH; Chicago, IL; New York, NY",1887,-84.45;-87.65;-73.9667,39.15;41.85;40.7833
1886-Flower-MTS,Round,"Cincinnati, OH; Chicago, IL; New York, NY",1886,-84.45;-87.65;-73.9667,39.15;41.85;40.7833
1885-McPhai-MTS,Round,"Cincinnati, OH;Chicago, IL;New York, NY",1885,-84.45;-87.65;-73.9667,39.15;41.85;40.7833
1885-Herber-MTS,Round,"Cincinnati, OH",1885,-84.45,39.15
1884-Lieder-MTS,Round,"Cincinnati, OH",1884,-84.45,39.15
1884-Englis-MTS,Round,"New York, NY
Cincinnati, OH",1884,-84.45,39.15
1883-Hallel-MTS,Round,"Cleveland, OH",1883,-81.6833,41.4833
1882-Tribut-MTS,Round,"Pittsburgh, PA; Baltimore, MD",1882,-79.9833;-76.6,40.4333;39.2833
1882-Songso-MTS,Round,"Dayton, OH",1882,-84.1833,39.75
1882-Lieder-MTS,Nil,"St. Louis, MO;Chicago, IL",1882,-90.1833;-87.65,38.6167;41.85
1882-Davids-MTS,Round,"Cincinnati, OH;Chicago, IL",1882,-84.45;-87.65,39.15;41.85
1881-Hearta-MTS,Round,"Cincinnati, OH",1881,-84.45,39.15
1881-Gemofg-MTS,Round,"New York, NY",1881,-73.9667,40.7833
1880-Undert-MTS,Round,"Cincinnati, OH",1880,-84.45,39.15
1880-Gateso-MTS,Round,"Dayton, OH",1880,-84.1833,39.75
1878-Univer-MTS,Nil,"Philadelphia, PA",1878,-75.15,39.95
1878-Precio-MTS,Round,"Altoona, PA",1878,-78.3833,40.5167
1878-Heaven-MTS,Round,"Dayton, OH",1878,-84.1833,39.75
1878-Harves-MTS,Round,"Cincinnati, OH;Chicago, IL",1878,-84.45;-87.65,39.15;41.85
1877-Songso-MTS,Numeral staff,"Cincinnati, OH",1877,-84.45,39.15
1876-Spirit-MTS,Round,"Dayton, OH",1876,-84.1833,39.75
1876-Songhe-MTS,Round,"Cincinnati, OH;Chicago, IL",1876,-84.45;-87.65,39.15;41.85
1874-Songer-MTS,Round,"Cincinnati, OH;Chicago, IL",1874,-84.45;-87.65,39.15;41.85
1874-Melodi-MTS,Round,"Cincinnati, OH",1874,-84.45,39.15
1874-Corone-MTS,Seven-shape Funk,"Singers Glen, VA",1874,-78.9,38.55
1874-Cabina-MTS,Round,"New York, NY",1874,-74,40.7
1873-Manner-MTS,Round,"Cincinnnati, OH;Chicago, IL",1873,-84.45;-87.65,39.15;41.85
1872-Puredi-MTS,Round,"Cleveland, OH",1872,-81.6833,41.4833
1871-Truesi-MTS,Round,"Cincinnati, OH",1871,-84.45,39.15
1871-Crowno-MTS,Round,"Cincinnati, OH",1871,-84.45,39.15
1871-Charmc-MTS,Round,"Chicago, IL",1871,-87.65,41.85
1870-WestVi-MTS,Seven-shape Funk,"Pennsboro, WV",1870,-80.9667,39.2833
1870-Sacred-MTS,Four-shape,"Atlanta, GA",1870,-84.3833,33.7333
1869-Christ-MTS,Nil,"Dayton, OH",1869,-84.1833,39.75
1867-Songso-MTS,Round,"Richmond, VA",1867,-77.45,37.55
1867-Jugend-MTS,Round,"Cincinnati, OH;Chicago, IL;St. Louis, MO;New York, NY",1867,-84.45;-87.65;-90.1833;-74,39.15;41.85;38.6167;40.7
1867-Chants-MTS,Round,"Philadelphia, PA",1867,-75.15,39.95
1864-Devoti-MTS,Round,"Philadelphia, PA",1864,-75.15,39.95
1860-Church-MTS,Round,"New York, NY;Chicago, IL;Cincinnati, OH;Boston, MA",1860,-73.9667;-87.65;-84.45;-71.05,40.7833;41.85;39.15;42.35
1859-Songsf-MTS,Round,"Boston, MA;Chicago, IL;Cincinnati, OH",1859,-71.05;-87.65;-84.45,42.35;41.85;39.15
1854-Church-MTS,Nil,"New York, NY;Chicago, IL;Buffalo, NY;Auburn, NY;Detroit, MI;Cincinnati, OH",1854,-73.9667;-87.65;-78.8667;-76.55;-83.0333;-84.45,40.7833;41.85;42.8833;42.9167;42.3167;39.15
1853-Timbre-MTS,Seven-shape Aikin,"Philadelphia, PA;Pittsburg, PA;Cincinnati, OH;Chicago, IL;Indianapolis, IN;New York, NY;St. Louis, MO;Baltimore, MD;Louisville, KY;Atlanta, GA;Savannah, GA",1853,-75.15;-79.9833;-84.45;-87.65;-86.15;-74;-90.1833;-76.6;-85.75;-84.3833;-81.1,39.95;40.4333;39.15;41.85;39.7667;40.7;38.6167;39.2833;38.25;33.7333;32.0833
1853-Harpof-MTS,Four-shape,"New York, NY",1853,-74,40.7
1852-Romber-MTS,Round,"Boston, MA",1863,-71.05,42.35
1850-Golden-MTS,Round,"Hartford, CT",1850,-72.6833,41.75
1843-Manual-MTS,Round,"Baltimore, MD",1843,-76.6,39.2833
1833-Select-UTL,Nil,"New Echota, [GA]",1832,0,0
1846-Cherok-UTL,Round,"Boston, MA",1846,-71.05,42.35
1860-Maskok-UTL,Nil,"Marion, AL",1860,-87.3167,32.6167
1866-Cherok-UTL,Round,"Philadelphia, PA",1866,-75.15,39.95
1875-Gospel-UTL,Round,"Cincinnati, OH;New York, NY;Chicago, IL",1875,-84.45;-74;-87.65,39.15;40.7;41.85
1880-Nakcok-UTL,Nil,"New York, NY",1880,-74,40.7
188x-Mvskok-UTL,Nil,"New York, NY?",1880,-74,40.7
1887-Gospel-UTL,Seven-shape Aikin,"Cincinnati, OH;New York, NY;Chicago, IL",1887,-84.45;-74;-87.65,39.15;40.7;41.85
1892-Nusdvu-UTL,Nil,,nan,0,0
1906-Tsalag-UTL,Nil,,1906,0,0
1910-Baptis-UTL,Nil,"Achille, OK",191x,-96.3833,33.8333
1917-Mvskok-UTL,Nil,"Philadelphia, PA",1917,-75.15,39.95
1920-Hallel-UTL,Seven-shape Aikin,"Nashville, TN",19xx,-86.761,36.154
1926-Nakcok-UTL,Nil,"Philadelphia, PA",1926,-75.15,39.95
1847-Sacred-SBT,Round,"Boston, MA",1847,-71.05,42.35
1851-Songso-SBT,Nil,"Charleston, SC",1851,-79.9167,32.7667
1853-Hymnsf-SBT,Nil,"Richmond, VA",1853,0,0
1854-Sweets-SBT,Nil,"Catlettsburg, KY",1854,-82.6,38.4
1856-Simple-SBT,Nil,"Charleston, SC",1856,-79.9167,32.7667
1857-Annive-SBT,Round,"Cincinnati, OH",1857,-84.45,39.15
1859-HymnsF-SBT,Nil,"Richmond, VA",1859,-77.45,37.55
1860-Hymnss-SBT,Nil,"Baltimore, MD",1860,-76.6,39.2833
1862-Sunday-SBT,Nil,"Macon, GA",1862,-83.6167,32.8333
1865-Sunday-SBT,Nil,"Greenville, SC",1865,-82.3833,34.85
1867-Gladti-SBT,Round,"Baltimore, MD",1867,-76.6,39.2833
1870-Vocali-SBT,Round,"Cincinnati, OH",1870,-84.45,39.15
1871-Linton-SBT,Round,Cincinnati,1871,-84.45,39.15
1871-NewChr-SBT,Numeral,"Cincinnati, OH",1871,-84.45,39.15
1873-NewBa2-SBT,Seven-shape Aikin,"Memphis, TN",1873,-90.0333,35.1333
1878-Newgos-SBT,Round,"Cincinnati, OH?",1878,-84.45,39.15
1881-Nearer-SBT,Round,"St. Louis, MO",1881,-90.1833,38.6167
1897-Select-SBT,Round;Seven-shape Hood,"Louisville, KY",1897,-85.75,38.25
186x-Little-SBT,Nil,"Greenville, SC",1863,-82.3833,34.85
1865-Newcel-SBT,Nil,"Greenville, SC",1865,-82.3833,34.85
190x-Callne-SBT,Seven-shape Aikin;Round,"Fort Worth, TX",190x,-97.3167,32.7167
1894-Hymnss-SBT,Nil,"Columbus, GA",1894,-84.9833,32.45
1919-Whenmi-SBT,Round,,1919,0,0
1884-Kleine-SBT,,"Cincinnati, OH; Chicago, IL; St. Louis, MO; New York, NY",1884,-84.45;-87.65;-90.1833;-74,39.15;41.85;38.6167;40.7
1887-Hymnsn-SBT,Round,"Chicago, IL;New York, NY",1887,-87.65;-74,41.85;40.7
1888-Favori-SBT,Round;Numeral staff,"Cincinnati, OH",1888,-84.45,39.15
1889-Stouth-SBT,Nil,"Atlanta, GA",1889,-84.3833,33.7333
1891-Choice-SBT,Nil,"Louisville, KY",1891,-85.75,38.25
1891-Hymnsn-SBT,Round,"Louisville, KY",1891,-85.75,38.25
1892-Manly1-SBT,Nil,"Louisville, KY",1892,-85.75,38.25
1892-Manly2-SBT,Round,"Louisville, KY",1892,-85.75,38.25
1895-Dawnin-SBT,Seven-shape Aikin,"Waco, TX",1895,-97.1333,31.5333
1895-Spirit-SBT,Round,"Dayton, OH",1895,-84.1833,39.75
1899-Salvat-SBT,Round,"Cincinnati, OH",1899,-84.45,39.15
1900-Church-SBT,Round,"Nashville, TN",1900,-86.761,36.154
1900-Sacre1-SBT,Round,"Chicago, IL",1900,-87.65,41.85
1901-Lastin-SBT,Round,"Cincinnati, OH;Louisville, KY;Nashville, TN",1901,-84.45;-85.75;-86.761,39.15;38.25;36.154
1901-Sunday-SBT,Round,"St. Louis, MO",1901,-90.1833,38.6167
1902-Sacred-SBT,Seven-shape Aikin,"Kansas City, MO;Cincinnati, OH;Dallas, TX",1902,-84.45;-94.5667;-96.8,39.15;39.0833;32.7833
1904-Praise-SBT,Round,"St. Louis, MO;Indianapolis, IN",1904,-90.1833;-86.15,38.6167;39.7667
1905-Newson-SBT,,"Philadelphia, PA;New York, NY",1905,-75.15;-74,39.95;40.7
1908-Gemsof-SBT,Round,"Baltimore, MD",1908,-76.6,39.2833
1908-Progra-SBT,Round,"Philadelphia, PA",1908,-75.15,39.95
1909-Melodi-SBT,Round;Seven-shape Aikin,"Louisville, KY",1909,-85.75,38.25
1909-Newglo-SBT,,"Dalton, GA
Dallas, TX",1909,-84.9667;-96.8,34.7667;32.7833
1909-Primit-SBT,Round,"St. Joseph, MO",1909,-94.8333,39.7667
1909-Singet-SBT,,"St. Louis, MO;Chicago, IL",1909,-90.1833;-87.65,38.6167;41.85
1909-Starof-SBT,Round,"Dalton, GA;Dallas, TX",1909,-84.9667;-96.8,34.7667;32.7833
1912-Bestre-SBT,Round,"Dalton, GA;Dallas, TX;Chattanooga, TN",1912,-84.9667;-96.8;-85.3,34.7667;32.7833;35.0333
1913-Emanue-SBT,Seven-shape Aikin,"Fort Worth, TX; Tupelo, MS",1912,-97.3167;-88.7,32.7167;34.25
1913-Songsa-SBT,Round,"Dalton, GA;Dallas, TX",1913,-84.9667;-96.8,34.7667;32.7833
1914-Songso-SBT,Round;Seven-shape Aikin,"Zion City, IL",1914,-87.8167,42.4333
1914-Studen-SBT,Round,"Kansas City, MO",1914,-94.5667,39.0833
1915-Kingof-SBT,Round,"Indianapolis, IN; St. Louis, MO",1915,-86.15;-90.1833,39.7667;38.6167
1915-Redemp-SBT,Seven-shape Aikin,"Ft. Worth, TX",1915,-97.3167,32.7167
1915-Songha-SBT,Seven-shape Aikin,"Waco, TX; Memphis, TN",1915,-97.1333;-90.0333,31.5333;35.1333
1918-Northf-SBT,,"East Northfield, MA",1918,-72.45,42.6833
1919-Hesju1-SBT,Round,"New York, NY",1919,-74,40.7
1919-Hesju2-SBT,Round,"New York, NY",1919,-74,40.7
1920-Gospel-SBT,Seven-shape Aikin,"Fort Worth, TX",1920,-97.3167,32.7167
1923-Silver-SBT,Seven-shape Aikin,"Bethlehem, GA",192x,-83.7,33.9167
1924-Ourjoy-SBT,Seven-shape Aikin,"Fort Worth, TX",1924,-97.3167,32.7167
1925-Hymnso-SBT,,"Chicago, IL",1925,-87.65,41.85
1925-KingJe-SBT,Round,"Chicago, IL",1925,-87.65,41.85
1925-Singhi-SBT,Round;Seven-shape Aikin,"Chicago, IL",1925,-87.65,41.85
1931-Evange-SBT,Round,"Springfield, MO",1931,-93.2833,37.2
1931-Glorio-SBT,,"Kansas City, MO",1931,-94.5667,39.0833
1857-Notesa-SBT,Nil,"Charleston, SC",1857,-79.9167,32.7667
1888-Temple-SBT,Round,"Cincinnati, OH",1888,-84.45,39.15
1900-Newson-SBT,,"Philadelphia, PA",1900,-75.15,39.95
1900-Sacre2-SBT,Seven-shape Aikin,"Waco, TX",1900,-97.1333,31.5333
1905-Psalli-SBT,Round,"St. Louis, MO",1905,-90.1833,38.6167
19xx-Robins-SBT,Seven-shape Aikin,"Charlotte, NC",1903,-80.8333,35.2167
1903-Hymnso-SBT,Round,"Dalton, GA;Dallas, TX",1903,-84.9667;-96.8,34.7667;32.7833
1908-Reviva-SBT,Round,"Dayton, VA",1908,-78.9333,38.4
1911-Harpof-SBT,Seven-shape Aikin,"Nashville, TN",1911,-86.761,36.154
1911-Newson-SBT,Round,"Dalton, GA;Dallas, TX",1911,-84.9667;-96.8,34.7667;32.7833
1914-Glorio-SBT,Seven-shape Aikin,"Lawrenceburg, TN",1914,-87.3333,35.2333
1916-Gospel-SBT,Seven-shape Aikin,"Fort Worth, TX",1916,-97.3167,32.7167
1919-Hymnso-SBT,Round,"Chattanooga, TN",1919,-85.3,35.0333
1919-Majest-SBT,Seven-shape Aikin,"Fort Worth, TX",1919,-97.3167,32.7167
1929-Souli1-SBT,Round,"Chattanooga, TN; London, Ontario",1929,-85.3;-81.25,35.0333;42.9667
1929-Souli2-SBT,Seven-shape Aikin,"Dayton, TN",1929,-85,35.4833
1924-Gospel-SBT,Seven-shape Aikin,"Knoxville, TN; Texarkana, AR; Texarkana, TX",1924,-83.9167;-94.0333,35.95;33.4333
1924-Gracea-SBT,Round;Seven-shape Aikin,"Kansas City, MO",1924,-94.5667,39.0833
1924-Songpr-SBT,Seven-shape Aikin,"Fort Worth, TX",1924,-97.3167,32.7167
1925-Christ-SBT,Round,"Birmingham, AL; Dallas, TX",1925,-86.8;-96.8,33.5167;32.7833
1910-Reviva-SBT,Seven-shape Aikin,"Fort Worth, TX",19xx,-97.3167,32.7167
1873-Amaran-UKY,Round,"Nashville, TN",1872,-86.761,36.154
1900-Beauti-UKY,Round,"Cincinnati, OH",1900,-84.45,39.15
1914-Carmin-UKY,Round,"St. Louis, MO; Indianapolis, IN",1914,-90.1833;-86.15,38.6167;39.7667
1871-Songki-UKY,,"Chicago, IL",1871,-87.65,41.85
1874-Hallow-UKY,Round,"Cincinnati, Oh;Chicago, IL;St. Louis, MO;New York, NY",1874,-84.45;-87.65;-90.1833;-74,39.15;41.85;38.6167;40.7
1878-Hymna2-UKY,Round,"Cincinnati, OH;New York, NY",1878,-84.45;-74,39.15;40.7
1879-Hourso-UKY,Round,"Cincinnati, OH;New York, NY",1879,-84.45;-74,39.15;40.7
1890-Finest-UKY,Round,"Chicago, IL",1890,-87.65,41.85
1843-Dupuys-UKY,Nil,"Louisville, KY",1843,-85.75,38.25
1850-Hymnsf-UKY,Nil,"New York, NY",1850,-74,40.7
1851-Christ-UKY,Numeral,"Louisville, KY",1851,-85.75,38.25
1858-Christ-UKY,Nil,"Dayton, OH",1858,-84.1833,39.75
1866-Christ-UKY,Nil,"Dayton, OH",1866,-84.1833,39.75
1872-Collec-UKY,Nil,"Covington, OH",1872,-84.35,40.1167
1872-Gloryc-UKY,Round,"Cincinnati, OH",1872,-84.45,39.15
1878-Hymna1-UKY,Nil,"Cincinnati, OH; New York, NY",1878,-84.45;-74,39.15;40.7
1895-Voice2-UKY,Seven-shape Aikin,"Nashville, TN",1895,-86.761,36.154
1925-Bookof-UKY,Round,"New York, NY",1925,-74,40.7
1853-Shawml-UKY,Round,"New York, NY",1853,-74,40.7
1870-NewChr-UKY,Round;Numeral staff;Eureka clef,"Cincinnati, OH",1870,-84.45,39.15
1871-Sparkl-UKY,Round,"Cincinnati, OH",1871,-84.45,39.15
1872-Hymnso-UKY,,,nan,0,0
1886-Carolb-UKY,Round,"Cincinnati, OH",1886,-84.45,39.15
1894-Tearsa-UKY,Seven-shape Aikin;Round,"Louisville, KY",1894,-85.75,38.25
1897-Tearsa-UKY,Round,"Louisville, KY",1897,-85.75,38.25
1902-Singin-UKY,Seven-shape Aikin,"Dalton, GA; Dallas, TX",1902,-84.9667;-96.8,34.7667;32.7833
1906-Creamo-UKY,Round,"Louisville, KY",1906,-85.75,38.25
1909-Briefh-UKY,Round,"Winston-Salem, NC",1909,-80.2333,36.0833
1915-Soulst-UKY,Seven-shape Aikin,"Nashville, TN",1915,-86.761,36.154
1919-Navyso-UKY,Round,"Washington, D. C.",1919,-77,38.8333
1921-Waveso-UKY,,"Kansas City, MO",1921,-94.5667,39.0833
1875-Choira-UKY,Round,"Cincinnati, OH;Chicago, IL",1875,-84.45;-87.65,39.15;41.85
1882-Christ-UKY,Round,"St. Louis, MO",1882,-90.1833,38.6167
1885-Christ-UKY,Nil,"Kansas City, MO",1885,-94.5667,39.0833
1898-Crowni-UKY,Round,"Dayton, VA",1898,-78.9333,38.4
1901-Planta-UKY,Round,New York,1901,-74,40.7
1908-Crowni-UKY-deprecated,,,nan,0,0
1911-Neweva-UKY,Round,"Dallas, TX",1911,-96.8,32.7833
1917-Nobody-UKY,Round,"New York, NY",1917,-74,40.7
1918-Bigqua-UKY,Seven-shape Aikin,"Dalton, GA; Dallas, TX; Chattanooga, TN",1918,-84.9667;-96.8;-85.3,34.7667;32.7833;35.0333
1918-ChantN-UKY,Round,"New York, NY",1918,-73.9667,40.7833
1919-Things-UKY,Round,"New York, NY",1919,-73.9667,40.7833
1924-Fiftye-UKY,Round,"Boston, MA",1924,-71.05,42.35
1925-Twelve-UKY,Round;Numeral,"London, England",1925,-.093145,51.514248
1926-Dontle-UKY,Round,"New York, NY",1926,-74,40.7
192x-Wonder-UKY,Seven-shape Aikin,"Nashville, TN",192x,-86.761,36.154
1877-Choice-UKY,Nil,"Wayne, WV",1877,-82.4333,38.2167
1878-Gabrie-UKY,Seven-shape Aikin,"Singer's Glen, VA",1878,-78.9,38.55
1881-Crowno-UKY,Seven-shape Aikin,"Boston, MA; New York, NY; Chicago, IL; Philadelphia, PA",1881,-71.05;-74;-87.65;-75.15,42.35;40.7;41.85;39.95
1883-Christ-UKY,Round,"St. Louis, MO",1884,-90.1833,38.6167
1892-Founta-UKY,Seven-shape Aikin,"Dayton, VA",1892,-78.9333,38.4
1895-Christ-UKY,Round,"Dayton, OH",1895,-84.1833,39.75
1907-Fiftyt-UKY,Nil,"Cincinnati, OH; New York, NY",1907,-84.45;-74,39.15;40.7
1908-Crowni-UKY,Round,"Dayton, VA",1908,-78.9333,38.4
1911-Greate-UKY,Seven-shape Aikin,"Glencoe, KY",1911,-84.8167,38.7
1916-Golden-UKY,Seven-shape Aikin,"Lawrenceburg, TN",1916,-87.3333,35.2333
1916-Gospel-UKY,Round,"Wilmington, DE",1916,-75.5333,39.7333
1922-Firstb-UKY,Round,"New York, NY; Cincinnati, OH",1925,-74;-84.45,40.7;39.15
1873-Hermon-UKY,Round,"New York, NY; Nashville, TN",1873,-74;-86.761,40.7;36.154
1879-Joytow-UKY,Round,"Cincinnati, OH; Chicago, IL; St. Louis, MO; New York, NY",1879,-84.45;-87.65;-90.1833;-74,39.15;41.85;38.6167;40.7
1881-Greatj-UKY,Round,"Cincinnati, OH",1881,-84.45,39.15
1882-Hourso-UKY,Seven-shape Aikin,"Dayton, VA",1882,-78.9333,38.4
1884-Gospel-UKY,Round,"Baltimore, MD",1884,-76.6,39.2833
1887-Harves-UKY,Round,"Cincinnati, OH",1887,-84.45,39.15
1889-Neuekl-UKY,,"Cincinnati, OH;Chicago, IL;St. Louis, MO;New York, NY;Boston, MA;Pittsburg, PA;San Francisco, CA",1889,-84.45;-87.65;-90.1833;-74;-71.05;-79.9833;-122.4167,39.15;41.85;38.6167;40.7;42.35;40.4333;37.7667
1890-Evange-UKY,Round,"St. Louis, MO",1890,-90.1833,38.6167
1892-Garner-UKY,Round,"Cincinnati, OH;Chicago, IL;New York, NY",1892,-84.45;-87.65;-74,39.15;41.85;40.7
1894-Himnar-UKY,,"New York, NY",1894,-74,40.7
1901-Hymnso-UKY,Round,"Dayton, OH;Chicago, IL",1901,-84.1833;-87.65,39.75;41.85
1903-Joyful-UKY,Seven-shape Aikin,"Douglasville, GA",1903,-84.7333,33.75
1910-Gospel-UKY,Round,"Cincinnati, OH",1910,-84.45,39.15
1911-Hymnso-UKY,Round,"Cincinnati, OH",1911,-84.45,39.15
1924-Fullgo-UKY,Round;Seven-shape Aikin,"Chicago, IL",nan,-87.65,41.85
1859-Pastor-UKY,Round,"Philadelphia, PA",1859,-75.15,39.95
1874-Palmer-UKY,Round,"Cincinnati, OH;Chicago, IL",1874,-84.45;-87.65,39.15;41.85
1879-Newcho-UKY,Round,"Cincinnati, OH; Chicago, IL",1879,-84.45;-87.65,39.15;41.85
1880-Sharon-UKY,,"Dayton, VA",1880,-78.9333,38.4
1886-Newsta-UKY,Seven-shape Aikin,"Dayton, VA",1886,-78.9333,38.4
1887-NewChr-UKY,Round,"Cincinnati, OH",1887,-84.45,39.15
1891-Perenn-UKY,Round,"Dalton, GA; Appleton City, MO; Huntingdon, PA",1891,-84.9667;-94.0167;-78,34.7667;38.1833;40.4833
1894-Newlif-UKY,Round,"Nashville, TN",1892,-86.761,36.154
1895-Newtun-UKY,Round,"Baltimore, MD",1895,-76.6,39.2833
1899-Notes1-UKY,Round,"Cincinnati, OH",1899,-84.45,39.15
1907-NewChr-UKY,Round,"Nashville, TN",1907,-86.761,36.154
1925-Realiz-UKY,Round,"Portland, OR",1925,-122.6667,45.5167
1853-Prairi-UKY,Round,"Cincinnati, OH; New York, NY",1853,-84.45;-74,39.15;40.7
1851-Christ-UMI,Seven-shape Aikin,"Philadelphia, PA;Lancaster, PA;New York, NY;Boston, MA;Cincinnati, OH;Columbus, OH;Wheeling, VA",1851,-75.15;-76.3;-74;-71.05;-84.45;-82.9833,39.95;40.0333;40.7;42.35;39.15;39.95
1858-Harmon-UMI,Seven-shape Funk,"Mountain Valley, VA",1858,-79.7,36.7667
1858-Jubile-UMI,,"New York, NY",1858,-74,40.7
1861-Soldie-UMI,Nil,"Philadelphia, PA",1861,-75.15,39.95
1867-Slaves-UMI,Round,"New York, NY",1867,-74,40.7
1871-Harmon-UMI,Seven-shape Funk,"Singers Glen, VA",1871,-78.9,38.55
1872-Brethr-UMI,Seven-shape Funk,"Singers Glen, VA;Dale City, PA",1872,-78.9,38.55
1872-Jubile-UMI,Round,"New York, NY;Chicago, IL",1872,-74;-87.65,40.7;41.85
1878-Himnar-UMI,,Mexico,1878,-102,23
1878-Keepin-UMI,Round,"Cincinnati, OH",1878,-84.45,39.15
1880-Gospel-UMI,Round,"Boston, MA",1880,-71.05,42.35
1880-Dontyo-UMI,Round,"Cincinnati, OH",1880,-84.45,39.15
1880-Risemy-UMI,Round,"Boston, MA",1880,-71.05,42.35
1880-Waitmy-UMI,Round,"Cincinnati, OH",1880,-84.45,39.15
1881-Gospel-UMI,Round,"New York, NY; Chicago, IL; Cincinnati, OH",1881,-74;-87.65;-84.45,40.7;41.85;39.15
1882-Songso-UMI,Seven-shape Hood,"Philadelphia, PA; Cincinnati, OH",1882,-75.15;-84.45,39.95;39.15
1884-Goodti-UMI,Seven-shape Aikin,"Dalton, GA",1884,-84.9667,34.7667
1884-Select-UMI,Round,"Delaware, OH",1884,-83.0667,40.2833
1887-Gospel-UMI,Round,"New York, NY; Chicago, IL; Cincinnati, OH",1887,-74;-87.65;-84.45,40.7;41.85;39.15
1894-Spirit-UMI,Round;Seven-shape Aikin,"Cincinnati, OH",1894,-84.45,39.15
1895-Gospel-UMI,Round,"New York, NY",1895,-74,40.7
1897-Songso-UMI,Round,"Cincinnati, OH; Chicago, IL; St. Louis, MO; New York, NY; Boston, MA; Pittsburg[h], PA; San Francisco, CA",1897,-84.45;-87.65;-90.1833;-74;-71.05;-79.9833;-122.4167,39.15;41.85;38.6167;40.7;42.35;40.4333;37.7667
1898-Chorus-UMI,Round,"New York, NY; Boston, MA; Pittsburg[h], PA; Detroit, MI; San Francisco, CA; Cincinnati, OH; Chicago, IL; St. Louis, MO;",1898,-74;-71.05;-79.9833;-83.0333;-122.4167;-84.45;-87.65;-90.1833,40.7;42.35;40.4333;42.3167;37.7667;39.15;41.85;38.6167
1850-Southe-EMU,Four-shape,"Philadelphia, PA; Spartanburg, SC",1850,-75.15;-81.9167,39.95;34.9333
1853-Americ-EMU,Four-shape,"Cincinnati, OH",1853,-84.45,39.15
1872-Palmer-EMU,Round,"Cincinnati, OH",1872,-84.45,39.15
1875-Collec-EMU,Nil,"Nashville, TN",1875,-86.761,36.154
1877-Royalf-EMU,Round,"St. Louis, MO",1877,-90.1833,38.6167
1879-Carmin-EMU,Round,"Baltimore, MD; Philadelphia, PA",1879,-76.6;-75.15,39.2833;39.95
1884-Beauty-EMU,Round,"Cincinnati, OH",1884,-84.45,39.15
1884-Gemsof-EMU,Nil,"Baltimore, MD",1884,-76.6,39.2833
1884-Jesus2-EMU,Round,"Cincinnati, OH; New York, NY",1884,-84.45;-74,39.15;40.7
1886-Newli2-EMU,Round,"Nashville, TN",1885,-86.761,36.154
1887-Battle-EMU,Round,"Cincinnati, OH",1887,-84.45,39.15
1887-Dainty-EMU,Round,"Cincinnati, OH;New York, NY;Chicago, IL",1887,-84.45;-74;-87.65,39.15;40.7;41.85
1887-Gladev-EMU,Seven-shape Aikin,"Dalton, GA",1887,-84.9667,34.7667
1887-Glorya-EMU,Numeral staff,"Cincinnati, OH",1887,-84.45,39.15
1887-Harves-EMU,Seven-shape Aikin,"Cincinnati, OH",1887,-84.45,39.15
1887-Loving-EMU,Round,"St. Louis, MO",1887,-90.1833,38.6167
192x-Worsh1-EMU,Round,"Cincinnati, OH",188x,-84.45,39.15
1890-Pearls-EMU,Seven-shape Aikin,"Dayton, VA",1890,-78.9333,38.4
1890-Anthem-EMU,Round,"Dalton, GA",1890,-84.9667,34.7667
1892-Gospel-EMU,Seven-shape Aikin,,nan,0,0
1892-Songla-EMU,Round,"Dallas, Texas",1892,-96.8,32.7833
1893-Hymnst-EMU,Nil,"Richmond, VA",1893,-77.45,37.55
1894-Sunshi-EMU,Round,"Baltimore, MD",1894,-76.6,39.2833
1895-Caroli-EMU,Round;Seven-shape Aikin,"Statesville, NC",1895,-80.8833,35.7667
1895-Celest-EMU,Round,"Nashville, TN",1895,-86.761,36.154
1896-Bellso-EMU,Seven-shape Aikin,"Waco, TX",1896,-97.1333,31.5333
1896-Bestst-EMU,Round,"Richmond, VA",1896,-77.45,37.55
1896-Crowni-EMU,Round,"Dayton, VA",1896,-78.9333,38.4
1896-Fillmo-EMU,Round,"Cincinnati, OH; New York, NY",1896,-84.45;-74,39.15;40.7
1896-Sacred-EMU,Round,"Cincinnati, OH; New York, NY; Chicago, IL",1896,-84.45;-74;-87.65,39.15;40.7;41.85
1896-Sunlig-EMU,Round;Seven-shape Aikin,"Dalton, GA; Dallas, TX",1896,-84.9667;-96.8,34.7667;32.7833
1896-Uplift-EMU,Round,"Cincinnati, OH; New York, NY; Chicago, IL",1896,-84.45;-74;-87.65,39.15;40.7;41.85
1897-Corona-EMU,Round,"Dalton, GA; Dallas, TX",1897,-84.9667;-96.8,34.7667;32.7833
1897-Fillmo-EMU,Round,"Cincinnati, OH; New York, NY",1897,-84.45;-74,39.15;40.7
1897-Gospe1-EMU,Round,"St. Louis, MO;Indianapolis, IN",1897,-90.1833;-86.15,38.6167;39.7667
1897-Gospe2-EMU,Round,"St. Louis, MO;Indianapolis, IN",1897,-90.1833;-86.15,38.6167;39.7667
1897-Reviva-EMU,Round,"Dalton, GA;Dallas, TX",1897,-84.9667;-96.8,34.7667;32.7833
1897-Songla-EMU,Round,"Dallas, TX",1897,-96.8,32.7833
1897-Songso-EMU,Round,"Atlanta, GA;Cincinnati, OH",1897,-84.3833;-84.45,33.7333;39.15
1899-Gospe1-EMU,Round,"Cincinnati, OH; Chicago, IL; St. Louis, MO; New York, NY; Boston, MA; Pittsburgh, PA; Detroit, MI; San Francisco, CA",1899,-84.45;-87.65;-90.1833;-74;-71.05;-79.9833;-83.0333;-122.4167,39.15;41.85;38.6167;40.7;42.35;40.4333;42.3167;37.7667
1899-Gospe2-EMU,Round,"Dallas, TX; West Milton, OH",1899,-96.8;-84.3167,32.7833;39.95
1899-Hymnal-EMU,Round,"St. Louis, MO",1899,-90.1833,38.6167
1900-Childr-EMU,Round,"Nashville, TN",1900,-86.761,36.154
1900-Nation-EMU,Round;Seven-shape Hood,"Nashville, TN",1900,-86.761,36.154
1900-Newhar-EMU,Round,"Eureka Springs, AK",1900,-93.7333,36.4
1900-Ourtha-EMU,Round,"Dalton, GA; Dallas, TX",1900,-84.9667;-96.8,34.7667;32.7833
1900-Palace-EMU,Round,"Baltimore, MD",1900,-76.6,39.2833
1900-Salvat-EMU,Round,"Moundsville, WV",1900,-80.7333,39.9167
1900-Songss-EMU,Round,"Los Angeles, CA",1900,-118.2333,34.05
1900-Vaugha-EMU,Seven-shape Aikin,"Athens, GA",19xx,-83.3667,33.95
1901-Aggres-EMU,Round,,19xx,0,0
1901-Eureka-EMU,Round,"Dallas, TX; Kansas City, MO; Cincinnati, OH",1901,-96.8;-94.5667;-84.45,32.7833;39.0833;39.15
1901-Fillm1-EMU,Round,"Cincinnati, OH; New York, NY",1901,-84.45;-74,39.15;40.7
1901-Fillm2-EMU,Round,"Cincinnati, OH; New York, NY",1901,-84.45;-74,39.15;40.7
1901-Hackle-EMU,Round,"St. Louis, MO; Indianapolis, IN",1901,-90.1833;-86.15,38.6167;39.7667
1901-Kirche-EMU,,"St. Louis, MO",1901,-90.1833,38.6167
1901-Manlyp-EMU,Round,"New York, NY; Dayton, OH",1901,-74;-84.1833,40.7;39.75
1901-Newpsa-EMU,Nil,"Richmond, VA",1901,-77.45,37.55
1901-Youngp-EMU,Round,"Nashville, TN",1901,-86.761,36.154
1902-Crowno-EMU,Round;Seven-shape Aikin,"Cincinnati, OH",1902,-84.45,39.15
1902-Eleven-EMU,Round,"Atlanta, GA; Cincinnati, OH; Kansas City, MO",1902,-84.3833;-84.45;-94.5667,33.7333;39.15;39.0833
1902-Joyful-EMU,Round,"Cincinnati, OH;Chicago, IL;Kansas City, MO;San Francisco, CA;New York, NY;Boston, MA;Pittsburg, PA;Detroit, MI",1902,-84.45;-87.65;-94.5667;-122.4167;-74;-71.05;-79.9833;-83.0333,39.15;41.85;39.0833;37.7667;40.7;42.35;40.4333;42.3167
1902-Living-EMU,Round,"St. Louis, MO",1902,-90.1833,38.6167
1902-Onwing-EMU,Round,"Baltimore, MD",1902,-76.6,39.2833
1904-Gemsno-EMU,Round,"Louisville, KY",1904,-85.75,38.25
1904-Perfec-EMU,Round,"Lawrenceburg, TN",1904,-87.3333,35.2333
1904-Temper-EMU,Round,"Cincinnati, OH; New York, NY",1904,-84.45;-74,39.15;40.7
1905-Hymnso-EMU,Round,"Columbia, TN; Cincinnati, OH; New York, NY; Baltimore, MD; Louisville, KY; Blue Earth, MN",1905,-87.0333;-84.45;-74;-76.6;-85.75;-94.1,35.6;39.15;40.7;39.2833;38.25;43.6333
1905-Lobede-EMU,Round,"Cincinnati, OH; New York, NY",1905,-84.45;-74,39.15;40.7
1905-Reviva-EMU,Round,"Atlanta, GA; Cincinnati, OH; Kansas City, MO",19xx,-84.3833;-84.45;-94.5667,33.7333;39.15;39.0833
1905-Songsf-EMU,Round,"Nashville, TN",1905,-86.761,36.154
1905-Youngp-EMU,Round,"Nashville, TN; Dallas, TX",1905,-86.761;-96.8,36.154;32.7833
1906-Golden-EMU,Seven-shape Aikin,"Lawrenceburg, TN",1906,-87.3333,35.2333
1906-Gospel-EMU,Round,"Rogers, AR",1906,-94.1167,36.3167
1906-Hymna1-EMU,Nil,"St. Louis, MO",1906,-90.1833,38.6167
1906-Hymna2-EMU,Round,,1906,0,0
1906-Jesuss-EMU,Seven-shape Aikin,"Nashville, TN",1906,-86.761,36.154
1906-Lastin-EMU,Seven-shape Aikin,"Glencoe, KY",1906,-84.8167,38.7
1906-Sevent-EMU,Seven-shape Aikin,"Nashville, TN",1906,-86.761,36.154
1907-Bestof-EMU,,"Dayton, VA",1907,-78.9333,38.4
1907-Gospel-EMU,Round,"Cincinnati, OH;New York, NY",1907,-84.45;-74,39.15;40.7
1907-Himnar-EMU,,"Philadelphia, PA",1907,-75.15,39.95
1907-Hymnso-EMU,Round,"St. Louis, MO",1907,-90.1833,38.6167
1907-Specia-EMU,Seven-shape Aikin,"Chattanooga, TN;Meridian, MS",1907,-85.3;-88.7,35.0333;32.35
1907-Standa-EMU,Round,"Richmond, VA;Texarkana, TX, AR",1907,-77.45;-94.0333,37.55;33.4333
1907-Sunday-EMU,Round,"Atlanta, GA;Kansas City, MO",1907,-84.3833;-94.5667,33.7333;39.0833
1908-Chris1-EMU,Round,"Washington, D. C.",1908,-77,38.8333
1908-Victor-EMU,Round,"Cincinnati, OH;Chicago, IL;Kansas City, MO;San Francisco, CA;New York, NY;Boston, MA;Pittsburg, PA;Detroit, MI",1908,-84.45;-87.65;-94.5667;-122.4167;-74;-71.05;-79.9833;-83.0333,39.15;41.85;39.0833;37.7667;40.7;42.35;40.4333;42.3167
1909-Precio-EMU,Round,"Louisville, KY",1909,-85.75,38.25
1915-Worldw-EMU,Round,"Chicago, IL;Siloam Spring, AR;Los Angeles, CA",1915,-87.65;-94.5333;-118.2333,41.85;36.1833;34.05
1925-SaintH-EMU,Round,"New York, NY",1925,-74,40.7
1925-Songs2-EMU,Round;Seven-shape Aikin,"Springfield, MO",1925,-93.2833,37.2
1927-Spirit-EMU,Seven-shape Aikin,"Nashville, TN",1927,-86.761,36.154
1850-Sacred-EMU,Round,"Cincinnati, OH",1850,-84.45,39.15
1851-Songso-EMU,Nil,"Richmond, VA",1851,-77.45,37.55
1854-Outlin-EMU,Nil,"Richmond, VA;Louisville, KY",1854,-77.45;-85.75,37.55;38.25
1859-Psalms-EMU,Nil,"Nashville, TN",1859,-86.761,36.154
1868-Baptis-EMU,Nil,"Atlanta, GA",1868,-84.3833,33.7333
1889-Easte2-EMU,Round,,nan,0,0
1892-Zionsm-EMU,Seven-shape Aikin,"Fort Smith, AR",1892,-94.3833,35.3833
1894-Choice-EMU,Seven-shape Aikin,"Nashville, Tennessee",1894,-86.761,36.154
1900-Manual-EMU,Nil,"Washington, D. C.",1900,-77,38.8333
1901-Electr-EMU,Round,"Dayton, OH",1901,-84.1833,39.75
1901-Popula-EMU,Round,"St. Louis, MO;Indianapolis, IN",1901,-90.1833,38.6167
1901-Standa-EMU,Round,"Dalton, GA, Dallas, TX",1901,-84.9667;-96.8,34.7667;32.7833
1902-Crowni-EMU,Seven-shape Aikin,"Dayton, VA",1902,-78.9333,38.4
1902-Fillmo-EMU,Round,"Cincinnati, OH;New York, NY",1902,-84.45;-74,39.15;40.7
1902-Tearsa-EMU,Round,"Louisville, KY",1902,-85.75,38.25
1903-Bellso-EMU,Round,"Chattanooga, TN;Waco, TX",1903,-85.3;-97.1333,35.0333;31.5333
1903-Echoes-EMU,Round,"Boston, MA",1903,-71.05,42.35
1903-Nation-EMU,Round,"Nashville, TN",1903,-86.761,36.154
1903-Reviva-EMU,Round,"Atlanta, GA;Cincinnati, OH;Kansas City, MO",1903,-84.3833;-84.45;-94.5667,33.7333;39.15;39.0833
1904-Baptis-EMU,Round,"Nashville, TN",1904,-86.761,36.154
1904-Glorio-EMU,Round,"Philadelphia, PA; Boston, MA; New York, NY; Chicago, IL; St. Louis, MO; Dallas, TX; Atlanta, GA",1904,-75.15;-71.05;-74;-87.65;-90.1833;-96.8;-84.3833,39.95;42.35;40.7;41.85;38.6167;32.7833;33.7333
1905-Fillmo-EMU,Round,"Cincinnati, OH;New York, NY",1905,-84.45;-74,39.15;40.7
1905-Gloria-EMU,Round,"St. Louis, MO;Indianapolis, IN",1905,-90.1833;-86.15,38.6167;39.7667
1905-Method-EMU,Round,"Cincinnati, OH;New York, NY",1905,-84.45;-74,39.15;40.7
1905-Salvat-EMU,,"Dalton, GA; Dallas, TX; Ft. Recovery, OH; Dayton, OH",1905,-84.9667;-96.8;-84.7667;-84.1833,34.7667;32.7833;40.4;39.75
1907-Truthi-EMU,Round,"Anderson, IN",1907,-85.6667,40.1
1908-Alexa1-EMU,Round,"New York, NY; Chicago, IL; Toronto, Canada; London, England; Edinburgh, Scotland",1908,-74;-87.65;-79.4167;-.093145;-3.2,40.7;41.85;43.7;51.514248;55.95
1908-Alexa2-EMU,Round,"New York, NY; Philadelphia, PA",19xx,-74;-75.15,40.7;39.95
1908-Chris2-EMU,Round,"St. Louis, MO; Chicago, IL",1908,-90.1833;-87.65,38.6167;41.85
1908-Crowni-EMU,Round,"Waco, TX; Memphis, TN",1908,-97.1333;-90.0333,31.5333;35.1333
1908-Friend-EMU,Nil,"Baltimore, MD",1908,-76.6,39.2833
1908-Fullof-EMU,Round,"Wilmington, DE",1908,-75.5333,39.7333
1908-Hymnsa-EMU,Nil,"New York, NY; Cincinnati, OH",1908,-74;-84.45,40.7;39.15
1908-Joyand-EMU,Round,"Cincinnati, OH; New York, NY",19xx,-84.45;-74,39.15;40.7
1908-Oliver-EMU,Round,"Kansas City, MO",1908,-94.5667,39.0833
1908-Sbirka-EMU,,,nan,0,0
1908-Songso-EMU,,"Kansas City, MO",1908,-94.5667,39.0833
1912-Songso-EMU,Round;Seven-shape Aikin,"East Chattanooga, TN",1908,-85.3,35.0333
1908-Songse-EMU,Round,"Roanoke, VA;Cincinnati, OH",1908,-79.9333;-84.45,37.2667;39.15
1909-Christ-EMU,,,nan,0,0
1909-Method-EMU,Round,"Baltimore, MD; Pittsburgh, PA",1909,-76.6;-79.9833,39.2833;40.4333
1909-Newhym-EMU,Round,"Charlotte, NC; Philadelphia, PA",1909,-80.8333;-75.15,35.2167;39.95
1909-Servic-EMU,Round,"Cincinnati, OH",1909,-84.45,39.15
1909-Tillma-EMU,Seven-shape Aikin,"Atlanta, GA; Cincinnati, OH; Kansas City, MO",19xx,-84.3833;-84.45;-94.5667,33.7333;39.15;39.0833
1909-Unionh-EMU,Four-shape,"Douglasville, GA",1909,-84.7333,33.75
1909-Vaugha-EMU,Seven-shape Aikin,"Athens, GA",19xx,-83.3667,33.95
1910-Assemb-EMU,Round,"Richmond, VA; Texarkana, AR, TX",1910,-77.45;-94.0333,37.55;33.4333
1910-Exulta-EMU,Round,"Baltimore, MA",1910,-76.6,39.2833
1910-Missio-EMU,Nil,"Cincinnati, OH",1910,-84.45,39.15
1910-Reviva-EMU,Seven-shape Aikin,"Dayton, VA",1910,-78.9333,38.4
1910-Songsf-EMU,Round,"New York, NY;London, United Kingdom",1910,-74;.10203,40.7;51.52393
1910-Songst-EMU,Seven-shape Aikin,"Carrollton, GA",1910,-85.0667,33.5667
1910-Victor-EMU,,"Dayton, VA",1910,-78.9333,38.4
1911-Evange-EMU,,"St. Louis, MO",1911,-90.1833,38.6167
1911-Himnar-EMU,,"Nashville, TN",1911,-86.761,36.154
1911-Newson-EMU,,"Austin, TX",1911,-96.3167,29.8833
1910-Psalms-EMU,,"St. Louis, MO",1910,-90.1833,38.6167
1911-Songso-EMU,,"Cincinnati, OH",1911,-84.45,39.15
1911-Spirit-EMU,,"Dayton, VA",1911,-78.9333,38.4
1911-Youngp-EMU,,"Evanston, IL",1911,-87.6833,42.0333
1912-Charmi-EMU,Seven-shape Aikin,"Eastman, GA",1912,-83.1667,32.1833
1912-Evange-EMU,Round,"St. Louis, MO",1912,-90.1833,38.6167
1912-Hearth-EMU,Round,"Baltimore, MD",1912,-76.6,39.2833
1912-Little-EMU,Round,"Nashville, TN;Dallas, TX;Richmond, VA",1912,-86.761;-96.8;-77.45,36.154;32.7833;37.55
1912-Newlyr-EMU,Seven-shape Aikin,"Dalton, GA;Dallas, TX",1912,-84.9667;-96.8,34.7667;32.7833
1912-Sacred-EMU,,"Cincinnati, OH;Chicago, IL;Kansas City, MO;San Francisco, CA;New York, NY;Boston, MA;Pittsburgh, PA;Detroit, MI",1912,-84.45;-87.65;-94.5667;-122.4167;-74;-71.05;-79.9833;-83.0333,39.15;41.85;39.0833;37.7667;40.7;42.35;40.4333;42.3167
1912-Songs1-EMU,,"Cincinnati, OH;Chicago, IL;Kansas City, MO;San Francisco, CA;New York, NY;Boston, MA;Pittsburgh, PA;Detroit, MI",1912,-84.45;-87.65;-94.5667;-122.4167;-74;-71.05;-79.9833;-83.0333,39.15;41.85;39.0833;37.7667;40.7;42.35;40.4333;42.3167
1912-Songs2-EMU,Round,"Independence, MO",1912,-94.4,39.0833
1912-Songs3-EMU,Round,"Cincinnati, OH;New York, NY",1912,-84.45;-74,39.15;40.7
1912-Songs4-EMU,Round,"Nashville, TN",1912,-86.761,36.154
1912-Sunday-EMU,Round,"Atlanta, GA;Kansas City, MO;Dallas, TX",1912,-84.3833;-94.5667;-96.8,33.7333;39.0833;32.7833
1913-Loyalt-EMU,Round,"Cincinnati, OH",1913,-84.45,39.15
1913-Ourcho-EMU,Round;Seven-shape Aikin,"Louisville, KY",1913,-85.75,38.25
1913-Planta-EMU,Round,"Philadelphia, PA;Chicago, IL",1913,-75.15;-87.65,39.95;41.85
1913-Sacred-EMU,Round,"Dayton, Virginia",1913,-78.9333,38.4
1914-CrownH-EMU,Seven-shape Aikin,"Dayton, Virginia",1914,-78.9333,38.4
1914-Downat-EMU,Seven-shape Aikin,"Charlotte, NC",1914,-80.8333,35.2167
1914-Hymnso-EMU,Seven-shape Aikin,"Atlanta, GA",1914,-84.3833,33.7333
1914-Immanu-EMU,Round,"New York, NY; Chicago, IL; Toronto, Canada; London, United Kingdom; Edinburgh, United Kingdom",1914,-74;-87.65;-79.4167;-.093145;-3.2,40.7;41.85;43.7;51.514248;55.95
1914-Newsac-EMU,Seven-shape Aikin,"Dayton, VA",1914,-78.9333,38.4
1914-Onehun-EMU,,"St. Louis, MO",1914,-90.1833,38.6167
1914-Praise-EMU,Seven-shape Aikin,"Nashville, TN",1914,-86.761,36.154
1915-Crowns-EMU,Seven-shape Aikin,"Nashville, TN; Dallas, TX; Richmond, VA",1915,-86.761;-96.8;-77.45,36.154;32.7833;37.55
1915-Gospel-EMU,,"St. Louis, MO; Indianapolis, IN",19xx,-90.1833;-86.15,38.6167;39.7667
1915-Herald-EMU,Round,"Dallas, TX",1915,-96.8,32.7833
1915-Praise-EMU,Round,"Cincinnati, OH",1915,-84.45,39.15
1915-Select-EMU,,"Carlisle, PA",1915,-77.1833,40.2
1915-Songs1-EMU,,"New York, NY",1915,-74,40.7
1915-Songs2-EMU,,"Dayton, VA",1915,-78.9333,38.4
1915-Songs3-EMU,,"Washington, D. C.; South Bend, Ind.; New York, N. Y.",1915,-77;-86.25;-74,38.8333;41.6833;40.7
1915-Sparkl-EMU,,"Dayton, VA",1915,-78.9333,38.4
1916-Childs-EMU,,"Dayton, VA",1916,-78.9333,38.4
1916-Happyg-EMU,,"Charlotte, NC",nan,-80.8333,35.2167
1916-Hispra-EMU,Round,"Atlanta, GA",1916,-84.3833,33.7333
1916-Montre-EMU,Round,"New York, NY",1916,-74,40.7
1916-Newhar-EMU,Seven-shape Swan,"Nashville, TN; Dallas, TX; Richmond, VA;",1916,-86.761;-96.8;-77.45,36.154;32.7833;37.55
1916-Select-EMU,Round,"Dallas, TX",1916,-96.8,32.7833
1916-Songso-EMU,Round;Seven-shape Aikin,"Chicago, IL",1916,-87.65,41.85
1916-Treasu-EMU,Round,"Hagerstown, MD;New York, NY",1916,-77.7167;-74,39.6333;40.7
1917-Evange-EMU,Round,"St. Louis, MO;Chicago, IL",1917,-90.1833;-87.65,38.6167;41.85
1917-Hymnar-EMU,,"New York, NY;Cincinnati, OH",1917,-74;-84.45,40.7;39.15
1917-Lifean-EMU,Round,"Richmond, VA",1917,-76.7333,37.95
1917-Missio-EMU,Nil,"Saint Louis, MO",1917,-90.1833,38.6167
1917-Select-EMU,Round;Seven-shape Aikin,"Chicago, IL; Los Angeles, CA",1917,-87.65;-118.2333,41.85;34.05
1917-Songso-EMU,Round,"New York, NY; Cincinnati, OH",1917,-74;-84.45,40.7;39.15
1917-Treasu-EMU,Seven-shape Aikin,"Dallas, TX",1917,-96.8,32.7833
1917-Wonder-EMU,Seven-shape Aikin,"Cincinnati, OH",1917,-84.45,39.15
1918-Echoes-EMU,Round;Seven-shape Aikin,"Athens, GA",1918 [],-83.3667,33.95
1918-Popula-EMU,Round,"Dallas, TX",1918,-96.8,32.7833
1918-Reviva-EMU,Seven-shape Aikin,"Fort Worth, TX",1918,-97.3167,32.7167
1918-Rodehe-EMU,,Chicago;Philadelphia,1918,-87.65;-75.15,41.85;39.95
1918-Temple-EMU,,"Dallas, TX",1918,-96.8,32.7833
1918-Tribut-EMU,Seven-shape Aikin,"Dayton, Virginia",1918,-78.9333,38.4
1918-Worldr-EMU,,"Atlanta, GA",1918,-84.3833,33.7333
1919-Founda-EMU,,"Philadelphia, PA",1919,-75.15,39.95
1919-Hampto-EMU,,New York,1919,-74,40.7
1919-Highwa-EMU,Round;Seven-shape Aikin,"Atlanta, GA",1919,-84.3833,33.7333
1919-Hymnal-EMU,,"Baltimore, Maryland",1919,-76.6,39.2833
1919-Reviva-EMU,,"Atlanta, GA",1919,-84.3833,33.7333
1919-Sacred-EMU,Nil,"Cincinnati, OH; New York, NY; London, England",1919,-84.45;-74;-.093145,39.15;40.7;51.514248
191x-Canaan-EMU,Round,"Kansas City, MO",[1914],-94.5667,39.0833
191x-Confer-EMU,Round,"Philadelphia, PA",[1917],-75.15,39.95
191x-Diadem-EMU,,"Nashville, TN; Dallas, TX; Richmond, VA",191,-86.761;-96.8;-77.45,36.154;32.7833;37.55
191x-Favori-EMU,Round,"Richmond, VA",191,-77.45,37.55
191x-Gospel-EMU,,"Atlanta, GA",191(x),-84.3833,33.7333
191x-Reviva-EMU,Round,"Atlanta, GA",191x,-84.3833,33.7333
1920-Songs1-EMU,Round,"Wheeling, WV",1920,-80.7167,40.05
1920-Songs2-EMU,Round;Seven-shape Aikin,"Kansas City, MO",1920,-94.5667,39.0833
1921-Church-EMU,Seven-shape Aikin,"Waco, TX;Memphis, TN",1921,-97.1333;-90.0333,31.5333;35.1333
1921-Gospel-EMU,Round,"Nashville, TN",1921,-86.761,36.154
1921-Greats-EMU,Round,"Louisville, KY",1921,-85.75,38.25
1921-Kingdo-EMU,Round,"Nashville, TN",1921,-86.761,36.154
1921-Reviva-EMU,Round,"Baltimore, MD",1921,-76.6,39.2833
1921-Songsa-EMU,Round,"Chicago, IL",1921,-87.65,41.85
1922-Hymnso-EMU,Round;Seven-shape Aikin,"Chicago, IL",1922,-87.65,41.85
1922-Junior-EMU,Round,"Nashville, TN;Dallas, TX;Richmond, VA",1922,-86.761;-96.8;-77.45,36.154;32.7833;37.55
1922-Marchi-EMU,,"Dalton, GA;Dallas, TX",1922,-84.9667;-96.8,34.7667;32.7833
1922-Reviva-EMU,,"Dallas, TX",1922,-96.8,32.7833
1922-Songso-EMU,Seven-shape Aikin,"Fort Smith, AR",1922,-94.3833,35.3833
1922-Tellin-EMU,Seven-shape Aikin,"Hudson, NC",1922,-81.4833,35.8333
1922-Victo1-EMU,Round,"Nashville, TN",1922,-86.761,36.154
1923-Bright-EMU,Seven-shape Aikin,"Dayton, VA",1923,-78.9333,38.4
1923-Chapel-EMU,Round,"Nashville, TN",1923,-86.761,36.154
1923-Choice-EMU,,"Nashville, TN",1923,-86.761,36.154
1923-Crownb-EMU,,"Waco, TX;Memphis, TN",1923,-97.1333;-90.0333,31.5333;35.1333
1923-Evange-EMU,,"Cincinnati, OH",1923,-84.45,39.15
1923-Gospel-EMU,,"Dalton, GA;Dallas, TX",1923,-84.9667;-96.8,34.7667;32.7833
1923-Hosann-EMU,Round,"Dallas, TX",1923,-96.8,32.7833
1923-Method-EMU,,"Nashville, TN;Dallas, TX;Richmond, VA",1923,-86.761;-96.8;-77.45,36.154;32.7833;37.55
1923-Praise-EMU,,"Houston, TX",1923,-95.35,29.75
1923-Rodehe-EMU,,"Chicago, IL; Philadelphia, PA",1923,-87.65;-75.15,41.85;39.95
1923-Search-EMU,Seven-shape Aikin,"Fort Worth, TX",1923,-97.3167,32.7167
1923-Servic-EMU,,"Birmingham, AL",1923,-86.8,33.5167
1923-Songso-EMU,,"Austin, TX",1923,-96.3167,29.8833
1924-Baptis-EMU,Round,"Nashville, TN",1924,-86.761,36.154
1924-Bestre-EMU,Seven-shape Aikin,"Nashville, TN",1924,-86.761,36.154
1924-Christ-EMU,Round,"Cincinnati, OH",1924,-84.45,39.15
1924-Harves-EMU,,"Dallas, TX",1924,-96.8,32.7833
1924-Praise-EMU,Seven-shape Aikin,"Asheville, NC; Sulphur Springs, TX",1924,-82.55;-95.6,35.6;33.1333
1925-Colema-EMU,,"Dallas, TX",1925,-96.8,32.7833
1925-Faithi-EMU,,"Cincinnati, OH",1925,-84.45,39.15
1925-Gloryc-EMU,,"Chicago, IL",1925,-87.65,41.85
1925-Homego-EMU,,"Tipton, OK",1925,-99.1333,34.5
1925-Little-EMU,Round,"Dallas, TX",1925,-96.8,32.7833
1925-Sacred-EMU,Round,"Cincinnati, OH",1925,-84.45,39.15
1925-Songs1-EMU,Round;Seven-shape Aikin,"Chicago, IL",1925,-87.65,41.85
1868-Silver-UKY,,"Cincinnati, OH",1868,-84.45,39.15
1876-NewHar-UKY,Seven-shape Funk,"Singer's Glen, VA",1876,-78.9,38.55
1879-Shinin-UKY,Seven-shape Aikin,"Dayton, VA",1879,-78.9333,38.4
1886-Royalp-UKY,,,nan,0,0
1895-Salvat-UKY,Round,"Cincinnati, OH;New York, NY",1895,-84.45;-74,39.15;40.7
1896-Praise-UKY,Round,"Cincinnati, OH;New York, NY",1896,-84.45;-74,39.15;40.7
1896-Reviva-UKY,Seven-shape Aikin;Round,"Atlanta, GA; Cincinnati, OH; Kansas City, MO",1896,-84.3833;-84.45;-94.5667,33.7333;39.15;39.0833
1899-Sacred-UKY,Round;Seven-shape Aikin,"Dayton, VA",1899,-78.9333,38.4
1911-Redemp-UKY,,"Cincinnati, OH",1911,-84.45,39.15
1919-Praise-UKY,,"Lawrenceburg, TN",1919,-87.3333,35.2333
1873-Sunshi-UKY,Round,"Cincinnati, OH; Chicago, IL",1873,-84.45;-87.65,39.15;41.85
1875-Starry-UKY,Seven-shape Funk,"Singer's Glen, VA",1875,-78.9,38.55
1883-Spirit-UKY,,"Cleveland, OH",1883,-81.6833,41.4833
1885-Zionso-UKY,Seven-shape Aikin,"Dayton, VA",1885,-78.9333,38.4
1896-Soulwi-UKY,Round,"Dayton, OH",1896,-84.1833,39.75
1903-Standa-UKY,Round,"Cincinnati, OH",1903,-84.45,39.15
1910-Zionme-UKY,Seven-shape Aikin,"Austin, TX",1910,-96.3167,29.8833
1911-Spirit-UKY,,"Washington, D. C.",1911,-77,38.8333
1912-Songcr-UKY,Seven-shape Aikin,"Austin, TX",1912,-96.3167,29.8833
1918-Victor-UKY,Seven-shape Aikin,"Waco, TX; Memphis, TN; Asheville, NC",1918,-97.1333;-90.0333;-82.55,31.5333;35.1333;35.6
1923-Songso-UKY,,"Austin, TX",1923,-96.3167,29.8833
1895-Voice1-UKY,Seven-shape Aikin,"Nashville, TN",1895,-86.761,36.154
1897-Songsf-UKY,,"Cincinnati, OH;Chicago, IL;St. Louis, MO;New York, NY;Boston, MA;Pittsburg, PA;Detroit, MI;San Francisco, CA",1897,-84.45;-87.65;-90.1833;-74;-71.05;-79.9833;-83.0333;-122.4167,39.15;41.85;38.6167;40.7;42.35;40.4333;42.3167;37.7667
1897-Unionh-UKY,,"New York, NY",1897,-74,40.7
1901-Youngp-UKY,,"Nashville, TN;Dallas, TX",1901,-86.761;-96.8,36.154;32.7833
1921-Worldw-UKY,,,nan,0,0
1923-Cokesb-UKY,,"Nashville, TN",1923,-86.761,36.154
1891-Christ-UKY,,"Dayton, OH",1891,-84.1833,39.75
1916-Lyricd-EMU,,"Nashville, TN",1916,-86.761,36.154
1903-Musica-EMU,,Philadelphia,1903,-75.15,39.95
1851-Chahta-EMU,,"New York, NY",1851,-74,40.7
1858-Sunday-EMU,,"Nashville, TN",1858,-86.761,36.154
1862-Soldie-EMU,,,1862,0,0
1863-Soldie-EMU,,"Charleston, SC",1863,-79.9167,32.7667
1864-Sabbat-EMU,,"Raleigh, NC",1864,-78.6333,35.7667
1864-Armyhy-EMU,,"Richmond, VA",1864,-77.45,37.55
1878-Nation-EMU,,"New York, NY;Chicago, IL;New Orleans, LA",1878,-74;-87.65;-90.0667,40.7;41.85;29.95
1877-Geschi-EMU,,"Amsterdam,  Netherlands",1877,4.916667,52.35
1882-Collec-EMU,,"Cincinnati, OH",1882,-84.45,39.15
1887-Nation-EMU,,"Dalton, GA",1887,-84.9667,34.7667
1892-Hampto-EMU,,"Hampton, VA",1892,-76.3333,37.0167
1895-Poems-EMU,Nil,"Nashville, TN",1895,-86.761,36.154
1898-Africa-EMU,,"Philadelphia, PA",1898,-75.15,39.95
1899-Hymnbo-EMU,,"Jackson, TN",1899,-88.8,35.6
188x-Songse-EMU,,,188,0,0
18xx-Jubile-EMU,,"Chicago, IL",nan,-87.65,41.85
1900-Songso-EMU,,"New York, NY;Norwood, MA",1900,-74;-71.2,40.7;42.1833
1901-Pearls-EMU,,"Nashville, TN",1901,-86.761,36.154
1905-Negroe-EMU,Nil,"Nashville, TN",1905,-86.761,36.154
1907-Calhou-EMU,,"Boston, MA",1907,-71.05,42.35
1909-Calhou-EMU,Round,"Calhoun, AL",1909,-86.5333,32.05
1909-Religi-EMU,,"Hampton, VA",1909,-76.3333,37.0167
1910-Burnin-EMU,,"Charlotte, NC?",1910,-80.8333,35.2167
1913-Hymnal-EMU,,"Nashville, TN",1913,-86.761,36.154
1914-AfroAm-EMU,,"New York, NY",1914,-74,40.7
1915-Songso-EMU,Round,"Philadelphia, PA",1915,-75.15,39.95
1916-Afterf-EMU,Round,"Cincinnati, OH",1916,-84.45,39.15
191x-Praise-EMU,,"Houston, TX",191x,-95.35,29.75
1921-Univer-EMU,Nil,,1921,0,0
1923-Nation-EMU,Round;Seven-shape Aikin,"Nashville, TN",1923,-86.761,36.154
192x-JRosam-EMU,,"New York, NY",192x,-74,40.7
1928-Americ-EMU,Nil,"Cambridge, MA",1928,-71.1,42.3667
19xx-Americ-EMU,,"Chicago, IL",19xx,-87.65,41.85
19xx-Himnos-EMU,,"Habana, Cuba",19xx,-82.35,23.1167
xxxx-Keepmy-EMU,,"Cincinnati, OH",nan,-84.45,39.15
xxxx-Select-EMU,,,nan,0,0
189X-Songss-EMU,,"Hamilton, Ontario",189x,-79.8333,43.25
19xx-Thisbo-EMU,,,19xx,0,0
1906-Newpra-MTS,,"Cincinnati, OH; New York, NY",1906,-84.45;-74,39.15;40.7
1921-Salvat-MTS,,"Basic, VA",1921,0,0
1893-Spirit-MTS,,"Dayton, OH",1893,-84.1833,39.75
1897-Riches-MTS,,"Dayton, OH",1893,-84.1833,39.75
1910-Tearsa-MTS,Round,"Louisville, KY",1910,-85.75,38.25
1900-Gemsxx-MTS,,"Louisville, KY;Greenville, TX;St. Louis, MO",1901,-85.75;-96.1;-90.1833,38.25;33.1333;38.6167
1905-Gleani-MTS,,"Dayton, VA",1905,-78.9333,38.4
1923-Cheerf-MTS,Seven-shape Aikin,"Asheville, N.C",1923,-82.55,35.6
1921-Gospe2-MTS,Round;Seven-shape Aikin,"Fort Worth, TX;Elkins, WV;Knoxville, TN",1921,-97.3167;-79.8333;-83.9167,32.7167;38.9167;35.95
1899-Reviva-MTS,Round,"Atlanta, GA;Cincinnati, OH;Kansas City, MO",1899,-84.3833;-84.45;-94.5667,33.7333;39.15;39.0833
1904-Resurr-MTS,Seven-shape Aikin,"Athens, GA",1904,-83.3667,33.95
1881-Gospel-MTS,Round,"New York, NY;Chicago, IL;Cincinnati, OH",1881,-74;-87.65;-84.45,40.7;41.85;39.15
1907-Reviva-MTS,,"Nashville, TN; Dallas, TX",1907,-86.761;-96.8,36.154;32.7833
1900-Fillmo-MTS,,"Cincinnati, OH; New York, NY",1900,-84.45;-74,39.15;40.7
1902-Songsf-MTS,,"Philadelphia, PA",1902,-75.15,39.95
1897-Psalms-MTS,,"West Milton, OH; Atlanta, GA; Bridgewater, VA; Morgan, TX",1897,-84.3167;-84.3833;-78.9667;-97.6,39.95;33.7333;38.3667;32.0167
1899-Gladti-MTS,,"Cincinnati, OH; New York, NY",1899,-84.45;-74,39.15;40.7
1900-Bright-MTS,,"Birmingham, AL; Buchanan, GA",1900,-86.8;-85.1833,33.5167;33.8
1895-Showal-MTS,Seven-shape Aikin,"Dalton, GA; Dallas, TX",1895,-84.9667;-96.8,34.7667;32.7833
1922-Echoes-MTS,Seven-shape Aikin,"Moultrie, GA",1922,-83.7833,31.1667
1925-Comple-MTS,,"Atlanta, GA; Oklahoma City, OK",1925,-84.3833;-97.5,33.7333;35.4667
1906-Vaugha-MTS,,"Athens, GA",1906,-83.3667,33.95
1909-Gospel-MTS,,"Carrollton, GA?",1909,-85.0667,33.5667
xxxx-Worldf-MTS,,"Chicago, IL",nan,-87.65,41.85
1912-Joyful-MTS,Seven-shape Aikin;Round,"Dayton, VA",1912,-78.9333,38.4
1919-Tiding-MTS,Seven-shape Aikin,"Basic, VA;Milan, TN;Asheville, NC",1919,-78.8833;-88.75;-82.55,38.0667;35.9167;35.6
1922-Bethle-MTS,Seven-shape Aikin,"Little Rock, AR",1922,-92.2833,34.7333
1921-Fromth-MTS,Seven-shape Aikin,"Fort Worth, TX",1921,-97.3167,32.7167
1905-Search-MTS,,"Dallas, TX; Dalton, GA",1905,-96.8;-84.9667,32.7833;34.7667
1892-Highwa-MTS,Seven-shape Aikin,"Dalton, GA",1892,-84.9667,34.7667
1891-Childr-MTS,Seven-shape Aikin,"Dayton, VA",1891,-78.9333,38.4
1906-Oldsto-MTS,Round,"Siloam Springs, AR",1906,-94.5333,36.1833
1916-Tiding-MTS,Seven-shape Aikin,"Waco, TX;Memphis, TN",1916,-97.1333;-90.0333,31.5333;35.1333
1900-Gloryc-MTS,,"Waco, TX",1900,-97.1333,31.5333
1903-Joyful-MTS,,"Louisville, KY",1903,-85.75,38.25
1900-Sunday-MTS,,"Cincinnati, OH;Chicago, IL;Kansas City, MO;San Francisco, CA;New York, NY;Boston, MA;Pittsburg, PA;Detroit, MI",1900,-84.45;-87.65;-94.5667;-122.4167;-74;-71.05;-79.9833;-83.0333,39.15;41.85;39.0833;37.7667;40.7;42.35;40.4333;42.3167
1923-Eightn-MTS,,"New York, NY",1927,-74,40.7
1923-Christ-MTS,Round,"Louisville, KY",1923,-85.75,38.25
1894-Shiloh-MTS,,"Cincinnati, OH;New York, NY",1894,-84.45;-74,39.15;40.7
1890-Gemsan-MTS,Round,"Cincinnati, OH; New York, NY",1890,-84.45;-74,39.15;40.7
1923-NewHar-MTS,,"Dayton, Va",1923,-78.9333,38.4
1886-Noteso-MTS,,"Dayton, OH",1886,-84.1833,39.75
1863-Church-MTS,,"New York, NY, Cincinnati, OH",1863,-74;-84.45,40.7;39.15
1877-Newcas-MTS,Round,"Columbia, S. C.",1877,-81.0333,34
1873-Triump-MTS,Round,"Cincinnati, OH",1873,-84.45,39.15
1885-Noteso-MTS,Round,"New York, NY",1885,-73.9667,40.7833
1892-Glorio-MTS,,"Dalton, GA;Appleton City, MO;Huntingdon, PA",1892,-84.9667;-94.0167;-78,34.7667;38.1833;40.4833
1866-Christ-MTS,,"Philadelphia, PA",1866,-75.15,39.95
1857-Church-MTS,Nil,"New Market, TN",1857,-83.55,36.1
1847-Collec-EMU,,Bethlehem,1847,0,0
1849-Sacred-EMU,,"Boston, MA;New York,;Chicago, IL;Philadelphia, PA",1849,-71.05;-74;-87.65;-75.15,42.35;40.7;41.85;39.95
1855-Collec-EMU,,"Mountain Valley, VA",1855,-79.7,36.7667
1859-Collec-EMU,,"Dayton, OH",1859,-84.1833,39.75
1860-Baptis-EMU,,"New York, NY",1860,-74,40.7
1874-Fillmo-EMU,,"Cincinnati, OH",1874,-84.45,39.15
1882-Sweetf-EMU,Seven-shape Aikin,"Dayton, VA",1882,-78.9333,38.4
1890-Gladev-EMU,Seven-shape Aikin,"Powder Springs, GA",1890,-84.6833,33.85
1891-Pearls-EMU,Seven-shape Aikin,"Atlanta, GA;Bethlehem, GA",1891,-84.3833;-83.7,33.7333;33.9167
1895-Gospel-EMU,Round,"Louisville, KY",1895,-85.75,38.25
1895-Chris2-EMU,,"Nashville, TN",1889,-86.761,36.154
1896-Classc-EMU,Round;Seven-shape Aikin;Tonic sol-fa,"Dalton, GA;Dallas, TX",1896,-84.9667;-96.8,34.7667;32.7833
1899-Oldpla-EMU,Round,"Boston, MA;New York, NY;London, England",1899,-71.05;-74;-.093145,42.35;40.7;51.514248
19xx-Gospe1-EMU,,"Austin, TX",1919,-96.3167,29.8833
19xx-Gospe2-EMU,,"Cincinnati, OH",19xx,-84.45,39.15
1901-Hymnal-EMU,Nil,"St. Louis, MO;Chicago, IL",1901,-90.1833;-87.65,38.6167;41.85
1901-Junior-EMU,Round,"Cincinnati, OH;Chicago, IL;Kansas City, MO;New York, NY;Boston, MA;Pittsburg, PA;Detroit, MI;San Francisco, CA",1901,-84.45;-87.65;-94.5667;-74;-71.05;-79.9833;-83.0333;-122.4167,39.15;41.85;39.0833;40.7;42.35;40.4333;42.3167;37.7667
1901-Showal-EMU,Round,"Dalton, GA;Dallas, TX",1901,-84.9667;-96.8,34.7667;32.7833
1904-Pathwa-EMU,,"Cincinnati, OH;New York, NY",1904,-84.45;-84.45,39.15;39.15
1909-Songso-EMU,Round,"Cincinnati, OH;Chicago, IL;Kansas City, MO;San Francisco, CA;New York, NY;Boston, MA;Pittsburg, PA;Detroit, MI",1909,-84.45;-87.65;-94.5667;-122.4167;-74;-71.05;-79.9833;-83.0333,39.15;41.85;39.0833;37.7667;40.7;42.35;40.4333;42.3167
191x-Hymnsf-EMU,,"St. Louis, MO",191x,-90.1833,38.6167
1910-Sacred-EMU,,"Atlanta, GA",1910,-84.3833,33.7333
1914-Newgos-EMU,,"Austin, TX",1914,-96.3167,29.8833
1916-Worshi-EMU,,"Cincinnati, OH",1916,-84.45,39.15
1922-Victo2-EMU,Round;Seven-shape Aikin,"Louisville, KY",1921,-85.75,38.25
1925-Excell-EMU,,"Chicago, IL",1925,-87.65,41.85
192x-Songsf-EMU,,"Nashville, TN",1926,-86.761,36.154
1911-Sacred-EMU,,"Atlanta, GA",1911,-84.3833,33.7333
1852-Psalms-UKY,,"Bethany, VA",1852,-80.8667,36.8333
1860-Sabbat-UKY,,"Cincinnati, OH",1860,-84.45,39.15
1860-Select-UKY,,"Louisville, KY",1860,-85.75,38.25
1867-Taboro-UKY,,"Columbia, SC;Nashville, TN",1867,-81.0333;-86.761,34;36.154
1874-Gospel-UKY,Round,"Cincinnati, OH",1874,-84.45,39.15
1880-Popula-UKY,Nil,"Louisville, KY",1880,-85.75,38.25
1889-Starof-UKY,Seven-shape Aikin,"Dayton, VA",1889,-78.9333,38.4
1889-Voiceo-UKY,Round,"Dalton, GA",1889,-84.9667,34.7667
1899-Songso-UKY,Round,"Kansas City, MO;Dallas, TX",1899,-94.5667;-96.8,39.0833;32.7833
1908-Christ-UKY,,"Washington, D.C.",1908,-77,38.8333
1909-Songso-UKY,Seven-shape Aikin,"Dayton, VA",1909,-78.9333,38.4
1925-Hymnso-UKY,,"Chicago, IL",1925,-87.65,41.85
1853-Dyersp-UKY,Nil,"Louisville, KY",1853,-85.75,38.25
1860-Sacred-UKY,,"Philadelphia, PA",1860,-75.15,39.95
1866-Tefilo-UKY,,,nan,0,0
1905-Twenty-UKY,,"Boston, MA;New York, NY;Chicago, IL",1905,-118.3167;-74;-87.65,34.0833;40.7;41.85
1913-Eureka-UKY,,"Stigler, OK",1913,-95.1167,35.25
1919-Hampto-UKY,,"New York, NY",1919,-74,40.7
191x-Americ-UKY,,"Chicago, IL",191x,-87.65,41.85
1921-Elmhur-UKY,Round,"St. Louis, MO;Chicago, IL",1921,-90.1833;-87.65,38.6167;41.85
1908-Bethan-MTS,Round,"Indianapolis, IN; Cincinnati, OH; St. Louis, MO; Chicago, IL; Pittsburg[h], PA; Des Moines, IA; Dallas, TX",1908,-86.15;-84.45;-90.1833;-87.65;-79.9833;-93.6;-96.8,39.7667;39.15;38.6167;41.85;40.4333;41.6;32.7833
1909-Breado-MTS,Seven-shape Aikin,"Nashville, TN",1909,-86.761,36.154
1910-Kingsp-MTS,Round,"Philadelphia, PA; Chicago, IL; Siloam Springs, AR",1910,-75.15;-87.65;-94.5333,39.95;41.85;36.1833
1913-Praise-MTS,Round,"New York, NY; Dayton, OH",1913,-74;-84.1833,40.7;39.75
1921-Gospe1-MTS,,"Belmont, MS",1921,-88.2,34.5
1922-Hispra-MTS,Round;Seven-shape Aikin,"Houston, TX",1922,-95.35,29.75
1924-Shinin-MTS,,"Dalton, GA;Chattanooga, TN;Texarkana, AR;Texarkana, TX",1924,-84.9667;-85.3;-94.0333,34.7667;35.0333;33.4333
1925-Blesse-MTS,,"Dalton, GA;Texarkana, AR;Texarkana, TX",1925,-84.9667;-94.0333,34.7667;33.4333
1875-Gospel-UMI,,"New York, NY;Chicago, IL;Cincinnati, OH",1875,-74;-87.65;-84.45,40.7;41.85;39.15
1885-Epwort-UMI,,"New York, NY;Cincinnati, OH",1885,-74;-84.45,40.7;39.15
1891-Epwort-UMI,,"New York, NY;Cincinnati, OH",1891,-73.9667;-84.45,40.7833;39.15
1863-Soldie-UMI,Nil,"Alton, IL",1863,-90.1833,38.8833
1864-Fillmo-UMI,,"Paris, IL",1864,-87.6833,39.6
1866-Tefilo-UMI,,"Cincinnati, OH",1866,-84.45,39.15
1872-Golden-UMI,Round,"Cincinnati, OH",1872,-84.45,39.15
1879-Lieder-UMI,,"St. Louis, MO",1879,-90.1833,38.6167
1866-Singin-UMI,,"New York, NY; Cincinnati, OH",1866,-74;-84.45,40.7;39.15
1854-Nation-UMI,,"Louisville, KY",1854,-85.75,38.25
1878-Gospel-UMI,,"Cincinnati, OH; Chicago, IL; New York, NY",1878,-84.45;-87.65;-74,39.15;41.85;40.7
1919-Shouty-UMI,,"New York, NY; Boston, MA",1919,-74;-71.05,40.7;42.35
1860-Christ-UMI,,"Cincinnati, OH",1860,-84.45,39.15
1905-Method-UMI,,"New York, NY; Cincinnati, OH",1905,-74;-84.45,40.7;39.15
1890-Evange-UMI,Round,"New York, NY; Chicago, IL; Cincinnati, OH",1890,-74;-87.65;-84.45,40.7;41.85;39.15
1888-Glorio-UMI,,"Cincinnati, OH;Chicago, IL;New York, NY",1888,-84.45;-87.65;-74,39.15;41.85;40.7
1851-Psalmi-UMI,,"New York, NY",1851,-74,40.7
1867-Slave1-UMI,,"New York, NY",1867,-74,40.7
1867-Slave2-UMI,,"New York, NY",1867,-74,40.7
1873-Joyaco-UMI,Round,"Cincinnati, OH;Chicago, IL",1873,-84.45;-87.65,39.15;41.85
1885-Wondro-UMI,Round,"Cincinnati, OH",1885,-84.45,39.15
1890-Noteso-UMI,Round,"Vicksburg, MS",1894,-90.8667,32.35
1909-Songso-UMI,,"Cincinnati, OH",1909,-84.45,39.15
1918-Hampto-UMI,,"New York, NY;Boston, MA",1918,-74;-71.05,40.7;42.35
1921-Gospel-UMI,,"New York, NY",1921,-74,40.7
192X-Americ-UMI,,"Chicago, IL",192X,-87.65,41.85
1854-Hymnsf-UKY,Nil,"New York, NY",1854,-74,40.7
1854-Southe-UKY,Four-shape,"Philadelphia, PA",1854,-75.15,39.95
1871-Israel-UKY,,"Baltimore, MD",1871,-76.6,39.2833
1883-Gospel-UKY,Round,"New York, NY;Chicago, IL;Cincinnati, OH",1883,-74;-74;-84.45,40.7;40.7;39.15
1886-Workan-UKY,,"Dalton, GA",1886,-84.9667;-76.8333;-85.9167,34.7667;41;39.2
1892-Living-UKY,,"Nashville, TN",1892,-86.761,36.154
1899-Notes2-UKY,,"Philadelphia, PA;Chicago, IL",1899,-75.15;-87.65,39.95;41.85
1899-Reviva-UKY,,"Atlanta, GA;Cincinnati, OH;Kansas City, MO",1899,-84.3833;-84.45;-94.5667,33.7333;39.15;39.0833
1901-Malequ-UKY,,"Dayton, VA",1901,-78.9333,38.4
1910-Alexan-UKY,Round,"New York, NY;Chicago, IL;Toronto, Canada;London, United Kingdom;Edinburgh, United Kingdom",1910,-74;-87.65;-79.4167;-.093145;-3.2,40.7;41.85;43.7;51.514248;55.95
1829-Chahta-UTL,,"Boston, MA",1829,-71.05,42.35
1829-Cherok-UTL,,"New Echota, [GA]",1829,0,0
1835-Shorts-UTL,,"Boston, MA",1835,-71.05,42.35
1835-Triump-UTL,,"Boston, MA",1835,-71.05,42.35
1854-Cherok-UTL,,,1854,0,0
1858-Chahta-UTL,,,nan,0,0
1866-Potewa-UTL,,,nan,0,0
1888-Cherok-UTL,,"Tahlequah, I. T",1888,-94.9667,35.9
1892-Shirai-SBT,,"Cincinnati, OH ; Chicago, IL",1892,-84.45;-87.65,39.15;41.85
1901-Gospe1-SBT,,"Atlanta, GA;Philadelphia, PA;Chicago, IL",1901,-84.3833;-75.15;-87.65,33.7333;39.95;41.85
1917-Synago-SBT,,"Cincinnati, Ohio",1917,-84.45,39.15
1845-Southe-SBT,,"Philadelphia, PA;Spartanburg, SC",1845,-75.15;-81.9167,39.95;34.9333
1857-Sacred-SBT,,"Cincinnati, OH",1857,-84.45,39.15
1872-Chocta-SBT,,,nan,0,0
1885-Wondro-SBT,,,nan,0,0
1895-Gospel-SBT,Round,"Cincinnati, OH",1895,-84.45,39.15
1897-Riches-SBT,,"Cleveland, Ohio",1897,-81.6833,41.4833
1874-Fillmo-SBT,Numeral staff,"Cincinnati, OH",1874,-84.45,39.15
1875-Gospel-SBT,Round,"New York, NY;Chicago, IL;Cincinnati, OH",1875,-74;-87.65;-84.45,40.7;41.85;39.15
1879-Favori-SBT,,"Cincinnati, OH",1879,-84.45,39.15
1887-Jubile-SBT,,"Boston, MA; New York, NY; Chicago, IL; Philadelphia, PA",1887,-71.05;-74;-87.65;-75.15,42.35;40.7;41.85;39.95
1892-Glorio-SBT,,"Dalton, GA; Appleton City, MO; Huntingdon, PA",1892,-84.9667;-94.0167;-78,34.7667;38.1833;40.4833
1897-Gantvo-SBT,Round;Numeral,"Cincinnati, OH; New York, NY; Chicago, IL",1897,-84.45;-74;-87.65,39.15;40.7;41.85
1898-Fillmo-SBT,,"Cincinnati, OH; New York, NY",1898,-84.45;-74,39.15;40.7
1901-Gospe2-SBT,,"Waco, TX; Fresno, CA",1901,-97.1333;-119.7667,31.5333;36.7333
1909-Minist-SBT,Round,"Nashville, TN; Dallas, TX",1909,-86.761;-96.8,36.154;32.7833
1910-Reviva-SBT,,"Dalton, GA; Dallas, TX; Chattanooga, TN",1910,-84.9667;-96.8;-85.3,34.7667;32.7833;35.0333
1922-Praise-SBT,,"Cincinnati, OH",1922,-84.45,39.15
1925-Harbor-SBT,,"Dallas, TX; Pangburn, AR; Chattanooga, TN",1925,-96.8;-91.8333;-85.3,32.7833;35.4167;35.0333
1890-Gemsan-SBT,,"Cincinnati, OH; New York, NY",1890,-84.45;-74,39.15;40.7
1850-Rurals-BRU,,"Dayton, OH",1850,-84.1833,39.75
1858-Prayer-BRU,,"Baltimore, MD;Richmond, VA",1858,-76.6,39.2833
1861-NeuerL-BRU,,"Cincinnati, OH",1870,-84.45,39.15
1863-Collec-BRU,,"Raleigh, NC",1863,-78.6333,35.7667
1867-Dedica-BRU,,,1867,0,0
1869-Childs-BRU,,"Baltimore, MD;Pittsburg, PA;New Orleans, LA",1869,-76.6;-79.9833;-90.0667,39.2833;40.4333;29.95
1873-Vocalc-BRU,Nil,"New York, NY",1873,-73.9667,40.7833
1875-Singin-BRU,,"New York, NY",1875,-74,40.7
1876-Psalte-BRU,,"Cincinnati, OH;New York, NY",1876,-84.45;-74,39.15;40.7
1877-Transl-BRU,Nil,"Dover, DE",1877,-75.5167,39.15
1888-Reviva-BRU,,"Dayton, OH",1888,-84.1833,39.75
1891-Melodi-BRU,Round,"New York, NY;Cincinnati, OH",1891,-74;-84.45,40.7;39.15
1897-Poetic-BRU,,"Orangeburg, SC",1897,-80.85,33.4833
1898-Tedeum-BRU,,"Washington, D.C.?",1897,-77,38.8333
18xx-LibbyP-BRU,,,18XX,0,0
1900-Crowni-BRU,Round,"Dallas, TX;Chicago, IL;Kansas City, MO",1900,-96.8;-87.65;-94.5667,32.7833;41.85;39.0833
1904-Bestgo-BRU,,"Dalton, GA; Dallas, TX",1904,-84.9667;-96.8,34.7667;32.7833
1906-Sonsof-BRU,,"New York, NY; Dayton, OH",1906,-74;-84.1833,40.7;39.75
1911-Hymnfo-BRU,Nil,"Washington, D.C.",1911,-77,38.8333
1913-Mensgo-BRU,,"Dayton, OH; New York, NY; Chicago, IL",1913,-84.1833;-74;-87.65,39.75;40.7;41.85
1914-Gladpr-BRU,,"Cincinnati, OH",1914,-84.45,39.15
1915-Search-BRU,,"Philadelphia, PA",1915,-75.15,39.95
1916-Hitthe-BRU,,"Baltimore, MD",1916,-76.6,39.2833
1917-Hymnf1-BRU,,"Washington, D. C.",1917,-77,38.8333
1918-Mother-BRU,Nil,"Wilmington, DE",1918,-75.5333,39.7333
1843-Church-BRU,,"Circleville, OH",1843,-82.9333,39.6
1867-Christ-BRU,,"Singers Glen, VA",1867,-78.9,38.55
1868-Hymnst-BRU,,"Montgomery County, OH",1868,-84.3,39.75
1872-Voiceo-BRU,,"Richmond, VA",1872,-77.45,37.55
1875-Angels-BRU,,"New York, NY; Cincinnati, OH; Detroit, MI; San Francisco, CA; Portland, OR; Cleveland, OH; Toronto, Canada",1875,-74;-84.45;-83.0333;-122.4167;-122.6667;-81.6833;-79.4167,40.7;39.15;42.3167;37.7667;45.5167;41.4833;43.7
1876-Progra-BRU,Nil,"Frederick, MD",1876,-77.4,39.4
1877-Twelft-BRU,,"Cincinnati, OH",1877,-84.45,39.15
1880-Jubile-BRU,Nil,"Boston, MA",1880,-71.05,42.35
1880-Origin-BRU,Nil,"Boston, MA",1880,-71.05,42.35
1885-Fewmor-BRU,,"Boston, MA; New York, NY; Chicago, IL; Philadelphia, PA",1885,-71.05;-74;-87.65;-75.15,42.35;40.7;41.85;39.95
1888-Masoni-BRU,Nil,"Staunton, VA",1888,-79.0667,38.1333
1893-Conqu2-BRU,,"Chicago, IL?",1893,-87.65,41.85
1894-Bringt-BRU,,"New York, NY; London, England",1894,-74;-.093145,40.7;51.514248
1900-Songsf-BRU,Round,"Dayton, OH",1900,-84.1833,39.75
1905-Mymoth-BRU,,,1905,0,0
1905-Withhe-BRU,Round,"Dayton, OH;New York, NY",1905,-84.1833;-74,39.75;40.7
1910-Kingsm-BRU,Round,"New York, NY;Dayton, OH",1910,-74;-84.1833,40.7;39.75
1912-Exhor1-BRU,,"New York, NY;Boston, MA",1912,-74;-71.05,40.7;42.35
1914-PilotT-BRU,,"Lenoir, NC",1914,-81.5333,35.9
1916-Deepri-BRU,,"Boston, MA;New York, NY;Chicago, IL",1916,-71.05;-74;-87.65,42.35;40.7;41.85
1917-Albumo-BRU,,"New York, NY",1917,-74,40.7
1918-Childr-BRU,,"New York, NY;Boston, MA;Cincinnati, OH;Atlanta, GA;Chicago, IL",1918,-74;-71.05;-84.45;-84.3833;-87.65,40.7;42.35;39.15;33.7333;41.85
1919-Dontbe-BRU,,"Boston, MA;New York, NY;Chicago, IL;London, United Kingdom",1919,-71.05;-74;-87.65;.10203,42.35;40.7;41.85;51.52393
1922-Gospel-BRU,,"Fort Worth, TX",1922,-97.3167,32.7167
1861-Soldi2-BRU,,"Philadelphia, PA",1861,-75.15,39.95
1844-Hymnbo-UKY,Nil,"Baltimore, MD",1844,-76.6,39.2833
1851-Psalmi-UKY,,"New York, NY",1851,-74,40.7
1854-Psalmi-UKY,,"Boston, MA; Philadelphia, PA; New York, NY; Cincinnati, OH; Chicago, IL",1854,-71.05;-75.15;-74;-84.45;-87.65,42.35;39.95;40.7;39.15;41.85
1854-Singer-UKY,,"Louisville, KY",1854,-85.75,38.25
1865-Christ-UKY,,"Cincinnati, OH",1873,-84.45,39.15
1867-Psalms-UKY,,"Richmond, VA",1867,-77.45,37.55
1887-Gospel-UKY,,"Cincinnati, OH;New York, NY;Chicago, IL",1887,-84.45;-74;-87.65,39.15;40.7;41.85
1899-Tearsa-UKY,,"Louisville, KY;Greenville, TX;Lebanon, MO",1897,-85.75;-96.1;-92.65,38.25;33.1333;37.6667
1908-Bookof-UKY,,"Charleston, SC",1908,-79.9167,32.7667
1921-Temple-UKY,,"Lawrenceburg, TN",1921,-87.3333,35.2333
185x-Annive-SBT,,"Cincinnati, OH",185x,-84.45,39.15
1898-Lieder-SBT,,"St. Louis, MO",1898,-90.1833,38.6167
1845-Select-EMU,,"Cincinnati, OH",1845,-84.45,39.15
1873-Vocalt-EMU,,"Barnesville, GA",1873,-84.15,33.05
1916-Newson-EMU,,"Philadelphia, PA?",1916,-75.15,39.95
192x-Gospel-EMU,,"Nashville, TN",192x,-86.761,36.154
1849-Virgin-MTS,,"Richmond, VA;Philadelphia, PA",1849,-77.45;-75.15,37.55;39.95
1850-Timbre-MTS,,"New York, NY;Boston, MA;Cincinnati, OH;St. Louis, MO;Charleston, SC;Augusta, GA;Columbus, GA;Mobile, AL",1850,-73.9667;-71.05;-84.45;-90.1833;-79.9167;-82.0167;-84.9833;-88.0333,40.7833;42.35;39.15;38.6167;32.7667;33.4667;32.45;30.6833
1854-Social-MTS,,"St. Louis, MO",1854,-90.1833,38.6167
1855-Sabbat-MTS,,"Nashville, TN",1855,-86.761,36.154
1856-Congre-MTS,,"Boston, MA;New York, NY;Philadelphia, PA;Cincinnati, OH;New Orleans, LA",1856,-71.05;-74;-75.15;-84.45;-90.0667,42.35;40.7;39.95;39.15;29.95
191x-Reviva-MTS,,,191X,0,0
1861-Pilgri-MTS,,,1861,0,0
185x-Theres-MTS,,"Baltimore, MD",185x,-76.6,39.2833
1924-Gospel-UKY,,"Austin, TX",1924,-96.3167,29.8833
1848-Hesper-EMU,,"Philadelphia, PA",1848,-75.15,39.95
1851-Nakcok-EMU,,"Park Hill, Indian Territory",1851,-94.95,35.85
1875-Himnos-EMU,,"Nashville, TN",1875,-86.761,36.154
1925-Mellow-EMU,,"New York, NY",1925,-73.9667,40.7833
1925-Temple-EMU,,"Singer's Glen, VA",1877,-78.9,38.55
1881-Temper-MTS,Seven-shape Aikin,"Dayton, VA",1881,-78.9333,38.4
1892-WideAw-MTS,,"Cleveland, OH",1892,-81.6833,41.4833
1898-Aposto-MTS,Seven-shape Aikin,"Nashville, TN",1898,-86.761,36.154
1903-Eureka-MTS,Seven-shape Aikin,"South McAlester, Indian Territory",1903,-95.7667,34.9333
1907-Bealls-MTS,Round,"Douglasville, GA",1907,-84.7333,33.75
1908-Silver-MTS,Seven-shape Aikin,"Lawrenceburg, TN",1908,-87.3333,35.2333
1870-Prizex-SBT,Round,,nan,0,0
1906-SongEv-SBT,,"Louisville, KY",1906,-85.75,38.25
1907-Folks1-SBT,,"Nashville, TN",1907,-86.761,36.154
1907-Folks2-SBT,,"Nashville, TN",1907,-86.761,36.154
1915-Alexan-SBT,,"Philadelphia, PA",191X,-75.15,39.95
1915-Gospel-SBT,Round,"Dalton, GA; Dallas, TX; Chattanooga, TN",1915,-84.9667;-96.8;-85.3,34.7667;32.7833;35.0333
1857-Primit-UKY,,"Greenville, AL",1857,-86.6167,31.8167
1876-Polish-UKY,Numeral staff,"Cincinnati, OH",1876,-84.45,39.15
189x-Hallss-UKY,,"Harrisonburg, VA",1890,-78.8667,38.4333
1909-Gospel-UKY,Seven-shape Aikin,"Waco, TX;Memphis, TN",1909,-97.1333;-90.0333,31.5333;35.1333
1925-NewSon-UKY,,"Kansas City, MO",1925,-94.5667,39.0833
1859-Oriol1-BRU,Round,"Cincinnati, OH;New York, NY",1859,-84.45;-74,39.15;40.7
1860-Deutsc-BRU,,"Cincinnati, OH",1865,-84.45,39.15
1873-Bibles-BRU,Round,"New York, NY;Cincinnati, OH;Chicago, IL;St. Louis, MO",1873,-73.9667;-84.45;-87.65;-90.1833,40.7833;39.15;41.85;38.6167
1873-Spirit-BRU,,"Philadelphia, PA?",1873,-75.15,39.95
1879-Corona-BRU,Round,"New York, NY;Chicago, IL;New Orleans, LA",1879,-73.9667;-87.65;-90.0667,40.7833;41.85;29.95
1881-NoranI-BRU,,"Cincinnati, OH",1881,-84.45,39.15
1884-Tuskeg-BRU,,"Hampton, VA",1884,-76.3333,37.0167
1885-Harves-BRU,,"Cincinnati, OH",1885,-84.45,39.15
1890-Positi-BRU,,"Atlanta, GA",1890,-84.3833,33.7333
1895-Gospel-BRU,,"Dayton, OH;New York, NY",1895,-84.1833;-74,39.75;40.7
1899-Songsa-BRU,Seven-shape Aikin,"Dallas, TX",1899,-96.8,32.7833
18xx-Whispe-BRU,,"Washington, D. C.",18XX,-77,38.8333
1900-Recita-BRU,,"New York, NY;Cincinnati, OH",1900,-74;-84.45,40.7;39.15
1901-OLordo-BRU,Nil,"Marble City, OK",1909,-94.8167,35.5667
1903-SweetH-BRU,,"Eureka Springs, AR",1903,-93.7333,36.4
1906-Edenec-BRU,,"Waco, TX;Memphis, TN",1906,-97.1333;-90.0333,31.5333;35.1333
1909-Cherok-BRU,,,nan,0,0
1909-Sevens-BRU,,"Nashville, TN",1909,-86.761,36.154
1915-Hymnal-BRU,,"Columbia, SC",1915,-81.0333,34
1916-Diamon-BRU,,"Ft. Worth, TX",1916,-97.3167,32.7167
1916-MySavi-BRU,,,1916,0,0
1918-Newvic-BRU,,"Nashville, TN",1918,-86.761,36.154
1923-UnionH-BRU,Round,"Cincinnati, OH; New York, NY",1908,-84.45;-73.9667,39.15;40.7833
1890-Singer-EMU,,,nan,0,0
1859-Narrat-UMI,,,nan,0,0
1891-Otterb-UMI,,,nan,0,0
1882-Songsf-UMI,,,nan,0,0
1879-Gospel-UMI,,,nan,0,0
1877-Grandc-UMI,,,nan,0,0
